,id,code,statDate,pubDate,statDate.1,eps,adjusted_profit,operating_profit,value_change_profit,roe,inc_return,roa,net_profit_margin,gross_profit_margin,expense_to_total_revenue,operation_profit_to_total_revenue,net_profit_to_total_revenue,operating_expense_to_total_revenue,ga_expense_to_total_revenue,financing_expense_to_total_revenue,operating_profit_to_profit,invesment_profit_to_profit,adjusted_profit_to_profit,goods_sale_and_service_to_revenue,ocf_to_revenue,ocf_to_operating_profit,inc_total_revenue_year_on_year,inc_total_revenue_annual,inc_revenue_year_on_year,inc_revenue_annual,inc_operation_profit_year_on_year,inc_operation_profit_annual,inc_net_profit_year_on_year,inc_net_profit_annual,inc_net_profit_to_shareholders_year_on_year,inc_net_profit_to_shareholders_annual
0,175965,000509.XSHE,2021-12-31,2022-01-18,2021-12-31,-0.0053,-26807036.68,-14065368.44,3626452.47,-3.9437,-18.7276,-0.3873,-0.5571,15.5244,104.7746,0.642,-0.5571,0.7696,14.3531,0.9877,-600.7543,154.8916,,81.7965,-48.0718,,488.1877,,488.1877,,-93.5221,,-112.4836,,-174.6713,
1,175966,002107.XSHE,2021-12-31,2022-01-21,2021-12-31,0.28,157328113.26,194450861.66,,20.0713,19.3264,12.7468,17.1133,77.4707,79.3724,20.4404,17.1133,44.7464,5.4363,-0.0877,102.3664,,96.2887,115.2961,21.2289,102.9151,-6.3024,,-6.3024,,-13.4389,,-13.4183,,-8.6585,
2,175967,300803.XSHE,2021-12-31,2022-01-25,2021-12-31,0.44,160273178.0,163443929.0,15629801.0,14.665999999999999,13.3406,9.5607,18.8967,88.1068,82.471,20.4138,18.8967,53.7603,7.1838,-2.65,86.1706,8.2403,90.9626,122.434,40.0086,228.2428,34.6265,,34.6265,,105.596,,97.5064,,97.5064,
3,175968,600272.XSHG,2021-12-31,2022-01-28,2021-12-31,0.09,4304296.82,-3855088.7,1369088.45,4.1298,0.8185,1.555,2.445,26.42,100.5755,3.84,2.445,12.4252,12.8858,0.8323,-15.6535,5.5592,19.8198,113.2328,3.9883,,-12.0752,,-12.0752,,9.5471,,26.8992,,58.8115,
4,175969,300708.XSHE,2021-12-31,2022-01-29,2021-12-31,0.34,41356911.09,160455623.42,-969516.14,14.649000000000001,3.4213,6.2535,8.8133,16.8854,92.0139,9.5323,8.8133,0.5177,1.8333,1.2026,84.3109,-0.5094,23.3554,115.2732,23.1634,290.048,42.8332,,42.8332,,1148.3179,,728.4341,,728.4341,
5,175970,002188.XSHE,2021-12-31,2022-01-29,2021-12-31,0.511,6174429.65,37634752.37,-3712.47,,,84.9645,54.1163,34.3389,86.2621,51.4154,54.1163,0.2341,18.0403,0.7958,23.708000000000002,-0.0023,4.1324,104.9739,24.8642,180.9895,62.7825,,62.7825,,763.4228,,232.9831,,234.2045,
6,175971,300390.XSHE,2021-12-31,2022-02-08,2021-12-31,1.59,860070322.78,1448767956.05,3584726.67,40.8702,38.5981,28.6067,36.8218,51.098,57.3585,43.2543,36.8218,1.1346,4.2151,1.111,98.5166,0.2438,94.4409,87.7662,5.3121,12.4576,158.72799999999998,,158.72799999999998,,347.98699999999997,,330.6152,,218.4353,
7,175972,000798.XSHE,2021-12-31,2022-02-10,2021-12-31,-0.2688,-82172298.9,-157024401.66,-15795181.65,-15.202,-14.5492,-8.2557,-19.2194,-13.232999999999999,133.9592,-17.7695,-19.2194,2.653,13.8773,3.5288,,,,104.6385,19.2611,,3.8412,,3.8412,,48.979,,43.3762,,44.2345,
8,175973,002984.XSHE,2021-12-31,2022-02-15,2021-12-31,1.16,683626951.72,719236245.32,-30039168.66,12.3541,11.2106,8.3098,14.5513,23.3332,86.1078,14.068,14.5513,2.8284,2.5772,1.6512,92.7601,-3.8742,90.7439,97.9474,16.0609,115.6113,10.0287,,10.0287,,-30.5491,,-23.17,,-23.17,
9,175974,000670.XSHE,2021-12-31,2022-02-15,2021-12-31,0.004,2713167.14,86835522.25,-3171517.06,13.3489,11.1862,3.7435,1.9318,7.3629999999999995,96.9953,2.9365,1.9318,1.4248,1.3905,0.7838,102.5565,-3.7457,83.7982,77.9327,-4.6572,-155.0003,312.8811,,312.8811,,167.2945,,124.5599,,-68.0044,
10,175975,002092.XSHE,2021-12-31,2022-02-17,2021-12-31,1.1623,2649086925.82,3611246638.46,138959632.45,12.259,12.0159,4.3903,4.8148,13.8984,94.2186,5.7119,4.8148,3.5044,1.6489,2.1468,100.8596,3.8810000000000002,98.0172,117.5287,7.1370000000000005,123.4485,-25.8285,,-25.8285,,1730.8553,,6593.2864,,1769.9589,
11,175976,688020.XSHG,2021-12-31,2022-02-17,2021-12-31,0.47,19592478.65,29094809.21,17954132.73,2.3388,1.2112,2.34,15.164000000000001,51.2283,89.8395,16.7723,15.164000000000001,3.6328,13.5621,-1.4789,60.4521,37.3044,51.7866,97.4633,12.2598,120.6606,-0.7573,,-0.7573,,-66.2974,,-65.4189,,-68.26899999999999,
12,175977,603169.XSHG,2021-12-31,2022-02-19,2021-12-31,0.1167,80502627.16,159715593.88,1740252.8,5.4525,3.5765,1.1763,3.3009,16.8259,96.0438,3.0757,3.3009,1.6484,3.2434,4.9149,129.7803,1.4141,65.594,84.31,3.2683,82.6123,39.1686,,39.1686,,147.5139,,149.4201,,143.1019,
13,175978,300083.XSHE,2021-12-31,2022-02-19,2021-12-31,0.34,380487520.22,563959873.08,29524069.85,19.2071,14.6114,6.0489,9.4475,30.0274,89.2819,11.4855,9.4475,4.3452,7.2988,2.8825,91.1593,4.7723,76.0728,92.0428,6.4208,59.9062,53.5985,,53.5985,,195.7988,,171.209,,171.7088,
14,175979,002759.XSHE,2021-12-31,2022-02-22,2021-12-31,1.85,740537745.7,900171146.86,4426944.01,24.504,24.3561,19.2395,33.0561,53.1465,60.0379,39.5071,33.0561,1.5886,6.3870000000000005,0.4729,101.5149,0.4992,99.3966,65.3133,30.4251,76.135,203.2411,,203.2411,,12372.6717,,7007.4165,,7011.3438,
15,175980,002402.XSHE,2021-12-31,2022-02-22,2021-12-31,0.6056,497859759.58,601471415.51,29791445.72,16.6632,14.9918,9.3103,10.3727,20.9662,89.9518,11.0566,10.3727,1.6188,3.8003,0.3696,90.2629,4.4708,89.9696,88.9056,2.7806,27.6725,28.2954,,28.2954,,36.7038,,47.6445,,39.7322,
16,175981,002947.XSHE,2021-12-31,2022-02-22,2021-12-31,0.19,78484191.3,55501096.82,17078741.9,2.0994,5.2702,1.5471,2.6391,26.7957,95.0891,3.9041,2.6391,2.7458,13.1421,0.6079,128.0737,39.4107,251.0367,83.1007,-3.9641,-80.7201,75.5947,,75.5947,,-63.9519,,-71.6291,,-70.2343,
17,175982,688368.XSHG,2021-12-31,2022-02-24,2021-12-31,10.95,578513329.24,643985091.9,98553431.17,42.7945,36.5463,32.3547,30.8744,47.9272,72.0292,33.1506,30.8744,1.9947,4.465,0.1482,84.7231,12.9658,85.3994,98.7928,21.9442,78.454,108.74600000000001,,108.74600000000001,,1036.745,,919.1184,,883.7187,
18,175983,003038.XSHE,2021-12-31,2022-02-25,2021-12-31,1.19,108515178.83,134010404.31,,17.7046,15.8768,7.9888,4.6603,13.12,94.8389,4.3446,4.6603,0.6682,1.3169,1.2419,107.9591,,89.6762,104.0303,-14.8132,-287.0166,101.7161,,101.7161,,17.8263,,33.009,,33.009,
19,175984,002014.XSHE,2021-12-31,2022-02-25,2021-12-31,0.63,279628359.55,340245875.32,7789076.79,15.3365,13.575,10.7681,10.6201,22.2387,88.7473,11.7946,10.6201,1.8127,4.7762,-0.153,94.5347,2.1641,88.5143,92.5132,9.7971,87.0646,10.4547,,10.4547,,2.381,,3.9475,,4.2507,
20,175986,301046.XSHE,2021-12-31,2022-02-25,2021-12-31,0.83,100132201.07,125433090.83,4392521.71,16.9254,16.2955,10.0942,17.4942,29.28,78.8365,20.5291,17.4942,1.9255,3.2633,-0.4752,104.2403,3.6504,96.2782,79.67,3.6811,17.3936,41.2795,,41.2795,,16.6343,,14.9593,,15.3109,
21,175987,002458.XSHE,2021-12-31,2022-02-26,2021-12-31,0.03,21648758.0,28324208.59,-17898326.19,0.9021,0.6864,0.262,0.6482,13.9585,98.6447,1.0081,0.6482,1.5778,5.3805,2.8435,148.09799999999998,-93.5845,76.0847,101.1128,4.7969,353.9437,19.3534,,19.3534,,-80.26899999999999,,-85.9878,,-69.0694,
22,175988,688192.XSHG,2021-12-31,2022-02-26,2021-12-31,-1.86,-681711003.34,-682207748.77,2365524.72,-37.8273,-38.4956,-34.1097,-6512.85,12.4201,6732.746,-6512.85,-6512.85,,855.1254,71.3627,,,,100.2591,-4786.155,,-62.9497,,-62.9497,,-14.1996,,-14.1941,,-14.1941,
23,175989,300443.XSHE,2021-12-31,2022-02-26,2021-12-31,1.9,442346894.77,515065548.86,58229832.71,16.1059,14.3528,14.8347,30.0682,39.1538,68.7998,34.7093,30.0682,0.4785,3.2298,0.1513,89.6685,10.1373,89.115,91.9679,17.797,57.0413,11.8033,,11.8033,,-5.6865,,-4.9505,,-4.9505,
24,175990,688598.XSHG,2021-12-31,2022-02-26,2021-12-31,6.2585,459839472.65,553370136.44,11021193.51,31.4783,28.8866,22.6448,37.454,57.275,58.6388,42.7011,37.454,4.5863,5.3314,0.5897,96.3062,1.9181,91.7667,67.7568,4.9933,12.0725,213.715,,213.715,,193.6718,,197.2536,,197.2536,
25,175991,600423.XSHG,2021-12-31,2022-02-26,2021-12-31,0.04,27689137.49,26007868.35,,7.0673,6.7912,6.0375,22.6372,20.1871,79.568,22.2428,22.6372,0.2985,9.4112,-10.5712,90.2584,,96.0932,96.45,4.7575,23.2847,18.8286,,18.8286,,215.1645,,126.596,,126.596,
26,175992,002546.XSHE,2021-12-31,2022-02-26,2021-12-31,0.27,50692995.98,47020937.27,199907212.97,6.9331,1.5744,6.1949,47.4787,33.7711,89.8841,53.1951,47.4787,4.6555,8.4893,0.102,18.8748,80.2454,22.7079,106.8366,6.0348,59.6572,-19.1501,,-19.1501,,20.4039,,21.6064,,21.7232,
27,175993,688021.XSHG,2021-12-31,2022-02-26,2021-12-31,0.85,56820971.07,67268089.77,1320426.02,7.1834,6.2008,4.6647,15.6029,42.5467,83.0137,17.8862,15.6029,3.8257,9.5463,1.5796,97.9508,1.9227,86.3214,79.0189,20.8924,122.995,26.0599,,26.0599,,-12.8351,,-21.1466,,-17.7403,
28,175994,002138.XSHE,2021-12-31,2022-02-26,2021-12-31,0.98,692869672.73,869071938.48,-5414069.5,15.1223,13.3539,9.8467,18.5678,35.0541,81.0135,20.6438,18.5678,1.9131,4.522,1.2396,92.5292,-0.5764,88.3058,101.6933,23.1219,121.7806,31.6604,,31.6604,,36.4579,,42.3358,,33.3296,
29,175995,688200.XSHG,2021-12-31,2022-02-26,2021-12-31,7.16,434568965.25,488904580.98,-950661.7,18.452,18.2752,16.9258,49.9588,80.2169,44.3332,57.5252,49.9588,8.7036,6.3399,-2.2672,96.2063,-0.1871,99.0418,104.2825,40.3569,72.4973,120.9569,,120.9569,,110.9305,,120.2779,,120.2779,
30,175996,300753.XSHE,2021-12-31,2022-02-26,2021-12-31,0.4289,49037052.5,49391428.62,857060.64,7.1177,6.4559,6.1772,11.5605,63.9358,89.2909,12.0959,11.5605,27.3908,15.9154,-0.5161,89.3148,1.5498,90.7023,106.1397,3.9649,37.0236,4.0929,,4.0929,,-50.8619,,-44.9597,,-44.2404,
31,175997,603897.XSHG,2021-12-31,2022-02-26,2021-12-31,1.89,274501944.98,400275540.45,-20247654.33,14.5074,11.6748,8.1382,3.1799,5.941,96.2684,3.7066,3.1799,0.0713,0.3623,0.1155,101.1866,-5.1185,80.4744,99.4772,-3.3512,-89.8074,70.9871,,70.9871,,88.4348,,95.7901,,95.7901,
32,175998,605499.XSHG,2021-12-31,2022-02-28,2021-12-31,3.112,1084287083.0,1368015203.89,139196805.5,38.7868,35.2535,19.6343,17.0965,44.3728,80.3948,21.9059,17.0965,19.6105,3.6063,-0.1633,90.3865,9.1969,90.8905,119.7996,29.7635,151.8144,40.7244,,40.7244,,45.5352,,46.9048,,46.9048,
33,175999,300596.XSHE,2021-12-31,2022-02-28,2021-12-31,2.0369,396681747.55,480273599.28,46647.79,17.8602,16.9658,9.0766,12.3725,26.8448,86.0573,13.9182,12.3725,2.8818,3.8009,1.3635,100.8206,0.0098,94.9921,69.0222,9.0612,64.9891,38.7407,,38.7407,,39.8038,,47.2025,,42.5271,
34,176000,002379.XSHE,2021-12-31,2022-02-28,2021-12-31,-0.0811,-91540893.53,-55177410.81,-28192459.05,-5.442,-6.6289,-2.8776,-2.3554,2.6239,101.7294,-2.1175,-2.3554,0.3694,1.2518,0.6328,,,,78.8375,-1.6359,,34.7888,,34.7888,,60.67,,54.4529,,54.4529,
35,176001,688100.XSHG,2021-12-31,2022-02-28,2021-12-31,0.68,312818160.71,350767424.45,8908768.04,13.7742,12.6197,9.7837,18.746,34.9282,80.7864,21.6968,18.746,4.7473,1.8576,-1.4963,88.7303,2.2536,91.6186,87.5655,13.4558,70.0327,26.0276,,26.0276,,23.3069,,24.0104,,24.017,
36,176002,600821.XSHG,2021-12-31,2022-02-28,2021-12-31,0.29,364031431.53,431013765.6,6872592.22,10.0927,9.0458,2.1661,22.433000000000003,62.5235,77.4093,23.2914,22.433000000000003,,10.8125,28.5759,91.2187,1.4545,89.6273,79.9985,45.9035,203.1963,40.6131,,40.6131,,93.2198,,99.7392,,620.5618,
37,176003,688621.XSHG,2021-12-31,2022-02-28,2021-12-31,1.51,102116886.43,127205427.13,1682975.41,22.2201,21.4745,13.3692,22.0384,53.4149,74.2315,24.8337,22.0384,3.45,13.8962,0.5608,104.1806,1.3783,96.6445,87.9691,17.8772,69.3763,42.1153,,42.1153,,48.0845,,46.6939,,45.8119,
38,176004,688157.XSHG,2021-12-31,2022-02-28,2021-12-31,1.24,80025159.56,92006229.85,10506961.21,8.5477,7.0232,7.4498,18.9605,48.7781,81.8968,20.4747,18.9605,10.8396,8.2186,-1.054,84.6876,9.6712,82.1656,106.0848,11.2141,61.9454,16.8548,,16.8548,,11.9426,,11.0578,,11.7171,
39,176005,002455.XSHE,2021-12-31,2022-02-28,2021-12-31,0.43,219645496.03,252654940.31,1787387.13,13.6566,13.1371,3.8182,5.7956,12.5381,93.7164,6.1123,5.7956,0.711,1.0934,1.5111,99.7348,0.7056,96.1965,72.6876,7.0574,112.3146,83.8751,,83.8751,,250.5894,,250.6601,,243.5842,
40,176006,301047.XSHE,2021-12-31,2022-02-28,2021-12-31,12.7061,596583791.15,715718083.76,74322067.16,17.8864,14.8202,17.235,74.5917,93.9665,25.8533,87.1954,74.5917,8.4386,6.2189,-0.392,84.6551,8.7908,82.8573,107.5366,66.5737,89.7864,-39.5304,,-39.5304,,-36.0049,,-36.1468,,-36.1468,
41,176007,301071.XSHE,2021-12-31,2022-02-28,2021-12-31,4.88,229156371.59,265638860.08,229005.17,34.1355,32.6537,21.5958,48.0695,64.0703,46.6965,55.599,48.0695,1.1163,3.0665,0.4861,95.8782,0.0827,95.6591,94.3824,57.8058,108.4467,103.5023,,103.5023,,225.9295,,228.1725,,228.1725,
42,176008,301003.XSHE,2021-12-31,2022-03-01,2021-12-31,2.59,121044015.97,143520009.18,3081994.51,20.0469,17.9779,17.1631,19.2394,30.2726,79.5425,20.8101,19.2394,1.6911,3.1856,0.8891,91.0836,1.956,89.6794,94.5142,14.8855,72.7631,54.1886,,54.1886,,22.191,,21.7493,,21.7493,
43,176009,300631.XSHE,2021-12-31,2022-03-01,2021-12-31,0.6305,26224621.18,52186251.41,40077268.7,7.3795,2.7597,5.6808,15.4183,37.0273,90.3318,16.1475,15.4183,9.0402,8.214,0.9843,59.0566,45.3535,37.3974,98.5428,4.9008,50.6896,1.6007,,1.6007,,-22.4774,,-16.5051,,-15.2401,
44,176010,002843.XSHE,2021-12-31,2022-03-01,2021-12-31,0.34,42958424.2,70281903.92,9728213.37,12.9914,7.992999999999999,7.7393,13.2183,40.5263,86.6562,15.3706,13.2183,5.3011,13.5303,1.8377,87.7336,12.1438,61.5253,97.7404,33.3226,249.72299999999998,30.6365,,30.6365,,48.6446,,67.5414,,68.02600000000001,
45,176011,300033.XSHE,2021-12-31,2022-03-01,2021-12-31,3.56,1886101020.96,2043329462.31,5149.35,32.6676,32.2385,24.4136,54.4524,91.4151,41.7832,59.7078,54.4524,9.607999999999999,4.1522,-4.9415,97.81200000000001,0.0002,98.6865,107.9302,60.6238,104.1346,23.4261,,23.4261,,15.4711,,10.8603,,10.8603,
46,176012,300653.XSHE,2021-12-31,2022-03-01,2021-12-31,1.4,160878004.21,166951763.61,15941279.41,23.541,22.4692,19.4357,42.1197,89.1057,58.2803,47.9356,42.1197,30.5237,7.5134,-0.423,87.1453,8.321,95.4468,102.8537,41.5153,99.5102,36.4475,,36.4475,,43.4625,,42.438,,42.438,
47,176013,605189.XSHG,2021-12-31,2022-03-01,2021-12-31,2.08,225942396.55,272369287.78,3581274.56,20.4302,19.8339,13.718,10.7,18.5371,87.4778,12.2914,10.7,0.5002,2.1456,-0.3072,101.4787,1.3343,97.0816,107.6315,2.9925,23.8972,43.5694,,43.5694,,106.3819,,105.3906,,105.3906,
48,176014,300568.XSHE,2021-12-31,2022-03-01,2021-12-31,0.39,296397494.18,301606396.19,10089620.24,7.8375,8.2115,4.276,15.3274,37.8025,83.7893,17.8155,15.3274,2.1390000000000002,8.7483,3.8452,103.7779,3.4717,104.7729,85.1489,21.4538,132.3431,92.4763,,92.4763,,229.1706,,181.0174,,133.4877,
49,176015,688082.XSHG,2021-12-31,2022-03-02,2021-12-31,0.68,194734275.2,178845726.13,22881668.32,9.0813,6.6421,6.5089999999999995,16.4263,42.5345,88.9661,16.5317,16.4263,9.8026,3.9552,0.5171,66.5488,8.5143,73.1401,100.4585,-11.6717,-105.7799,60.8848,,60.8848,,20.3162,,35.3094,,35.3094,
50,176016,000552.XSHE,2021-12-31,2022-03-02,2021-12-31,0.3151,705182436.5,901989388.73,19075626.24,8.5761,8.3539,5.1877,14.978,30.5052,81.3686,19.2177,14.978,0.6643,4.3925,0.8416,98.4697,2.0825,97.4082,126.3048,49.4014,265.1514,31.2994,,31.2994,,75.1161,,62.7861,,62.6637,
51,176017,600231.XSHG,2021-12-31,2022-03-02,2021-12-31,0.32,976797377.52,1370201902.16,-36516305.77,10.482000000000001,11.1454,5.4675,3.5125,7.3091,94.76100000000001,4.8539,3.5125,0.5382,1.1444,-0.2291,113.3545,-3.0209,106.3293,92.3607,2.4667,47.0837,28.8526,,28.8526,,56.3435,,64.6116,,64.6116,
52,176018,603179.XSHG,2021-12-31,2022-03-02,2021-12-31,0.75,256658787.34,289095605.3,7356555.81,7.9483,7.1827,4.0677,6.2010000000000005,21.3209,93.7326,6.7505,6.2010000000000005,4.3629,4.6473,0.6084,95.6985,2.4352,90.3682,69.5671,4.5745,72.9884,25.3284,,25.3284,,8.1077,,11.275,,10.2144,
53,176019,300692.XSHE,2021-12-31,2022-03-02,2021-12-31,0.4765,195390511.78,239563793.15,547417.87,10.6047,10.263,4.6681,18.4172,35.7488,79.4471,20.498,18.4172,0.2878,3.1329,8.6505,100.5481,0.2298,96.7778,81.3403,10.2468,49.8557,22.674,,22.674,,23.7802,,31.7654,,27.9947,
54,176020,600955.XSHG,2021-12-31,2022-03-02,2021-12-31,4.72,2131139225.51,2837591152.08,16111794.0,41.0882,40.7332,31.9699,22.3124,31.0089,70.548,29.6689,22.3124,0.0278,0.7633,0.0466,99.2769,0.5637,99.13600000000001,109.5434,27.7681,94.2826,119.6475,,119.6475,,201.077,,200.6144,,200.6144,
55,176021,600255.XSHG,2021-12-31,2022-03-02,2021-12-31,0.03,57207101.61,98145202.85,1636511.77,4.8261,4.6908,2.408,2.4099,12.3021,96.9776,2.7559,2.4099,0.5437,3.3124,0.8697,108.3189,1.8062,97.1974,123.3253,-4.3468,-143.8194,45.1008,,45.1008,,-24.9323,,-1.4634,,-3.7997,
56,176022,300890.XSHE,2021-12-31,2022-03-03,2021-12-31,0.9984,102656735.43,142035065.34,4436308.37,9.1996,9.4592,5.065,8.8726,26.1945,87.2983,11.5043,8.8726,4.1284,4.6174,0.8444,126.059,3.9373,102.8219,64.8171,2.1815,17.1746,168.7828,,168.7828,,158.2867,,118.2836,,119.6539,
57,176023,605136.XSHG,2021-12-31,2022-03-03,2021-12-31,1.03,362541250.03,545678392.99,6549345.99,16.3313,14.415,12.515999999999998,9.8635,36.455,86.8665,13.085999999999999,9.8635,20.1236,2.9551,-0.1968,100.9322,1.2114,88.2661,114.1516,-3.2219,-24.5321,-9.6731,,-9.6731,,22.4845,,21.3186,,20.9898,
58,176024,300873.XSHE,2021-12-31,2022-03-03,2021-12-31,2.3197,212261995.39,265585509.15,32354823.27,16.2301,11.1383,13.6832,21.9713,28.8455,81.9036,25.8806,21.9713,2.6010000000000004,5.8417,0.4731,69.6495,8.485,68.6274,97.2634,24.9962,138.1284,36.6627,,36.6627,,60.4285,,59.196000000000005,,58.8118,
59,176025,603826.XSHG,2021-12-31,2022-03-03,2021-12-31,0.3071,135253925.47,155176829.53,4717473.01,8.7803,8.2626,5.7304,16.6311,34.9893,82.6248,19.078,16.6311,4.0225,5.2329,3.0924,91.4122,2.779,94.1034,77.29899999999999,20.2112,116.3219,19.0963,,19.0963,,-6.8625,,-8.2216,,-8.4716,
60,176026,001203.XSHE,2021-12-31,2022-03-04,2021-12-31,1.13,1617163969.52,1917238320.33,4321197.42,44.9315,44.7157,20.6054,33.1973,54.5108,60.8318,39.3529,33.1973,0.0792,5.8641,3.1527,100.3419,0.2262,99.5196,110.2803,39.187,100.0481,96.0498,,96.0498,,177.9317,,174.4833,,174.4686,
61,176027,300496.XSHE,2021-12-31,2022-03-04,2021-12-31,1.5271,575550871.51,553560584.37,30306317.79,13.6046,12.0972,9.8494,15.2706,39.3982,86.586,15.8533,15.2706,3.1178,9.8494,0.2771,86.1838,4.7184,88.9199,98.9603,3.3705,25.1265,57.0367,,57.0367,,41.6068,,40.1195,,45.9585,
62,176028,600557.XSHG,2021-12-31,2022-03-04,2021-12-31,0.56,301796553.22,309796736.54,4056159.37,7.568,7.1254,5.345,8.8898,71.906,91.5091,9.6197,8.8898,43.388999999999996,4.4476,0.2249,94.3737,1.2356,94.1515,121.1367,24.8946,293.1909,20.3383,,20.3383,,-0.1248,,18.3649,,21.9156,
63,176029,600300.XSHG,2021-12-31,2022-03-05,2021-12-31,0.14,219734884.53,338712974.09,-11053087.14,7.4398,7.3209,3.761,4.8896,19.8316,92.5854,6.9817,4.8896,5.2796,5.0259,1.1889,107.6941,-3.5143,98.4014,109.491,12.374,166.8869,-4.8062,,-4.8062,,-44.386,,-49.1135,,-48.7521,
64,176030,000803.XSHE,2021-12-31,2022-03-05,2021-12-31,0.39,78541755.9,81230365.5,1289489.95,8.5403,8.3319,3.6525,10.1078,29.793000000000003,90.1746,10.4645,10.1078,0.5507,12.5176,5.2294,101.1828,1.6062,97.5598,80.7497,-14.3656,-146.2087,138.334,,138.334,,115.9793,,62.9249,,78.3798,
65,176031,002793.XSHE,2021-12-31,2022-03-05,2021-12-31,0.28,351263669.11,526609762.79,-3257977.24,9.6402,8.3385,4.8976,6.5089999999999995,50.1904,91.8707,7.3597,6.5089999999999995,28.8112,5.6684,1.4773,108.5343,-0.6715,86.4976,96.9531,1.8622,22.9075,6.2613,,6.2613,,12.4153,,23.6611,,26.6278,
66,176032,300281.XSHE,2021-12-31,2022-03-05,2021-12-31,0.0946,27109298.66,23433896.78,13300207.08,3.1144,2.1314,2.7235,7.5701,17.1919,95.5217,8.7654,7.5701,3.0675,4.4007,-0.8112,51.3703,29.1558,68.4366,98.2941,14.2946,319.1958,28.7127,,28.7127,,14.7975,,7.5481,,7.5481,
67,176033,002258.XSHE,2021-12-31,2022-03-05,2021-12-31,2.0416,1063471931.26,1326797515.91,21993136.79,23.9645,23.7653,12.4378,17.9027,32.0047,79.5697,21.0671,17.9027,1.2328,4.6205,1.5112,99.9054,1.656,99.1687,78.8149,20.283,99.2789,30.701999999999998,,30.701999999999998,,76.9938,,73.389,,75.1668,
68,176034,002323.XSHE,2021-12-31,2022-03-05,2021-12-31,-0.46,-137062700.86,-65109284.36,-847987801.86,-284.7519,-39.6377,-81.7819,-786.387,34.7685,151.9946,-787.1075,-786.387,12.5397,63.2675,4.5698,,,,99.8631,-81.7746,,-0.1208,,-0.1208,,-3565.4925,,-2793.7913,,-2792.3506,
69,176035,600319.XSHG,2021-12-31,2022-03-05,2021-12-31,0.61,-72342276.1,-70268337.96,1103755.51,142.6305,-53.4551,10.1385,100.1682,0.1892,136.4648,98.4611,100.1682,3.4131,19.1588,8.6561,-36.3992,0.5717,-37.478,88.3246,-43.3515,,290.9251,,290.9251,,836.4155,,851.819,,851.819,
70,176036,300834.XSHE,2021-12-31,2022-03-05,2021-12-31,2.01,285775582.7,332921705.64,255694.2,46.8898,45.8802,38.592,14.7822,21.4425,83.1499,17.1299,14.7822,0.0826,0.7545,-0.1232,97.836,0.0751,97.8468,112.6948,12.2269,72.5628,50.6915,,50.6915,,31.0758,,32.0844,,32.0844,
71,176037,300146.XSHE,2021-12-31,2022-03-05,2021-12-31,1.06,1540263358.68,1849212136.18,188766035.16,20.1289,17.6762,15.6267,23.7685,66.0647,75.1158,27.2737,23.7685,33.3515,5.2198,-0.4119,84.904,8.6669,87.8154,109.3078,24.4773,98.365,21.9262,,21.9262,,13.3092,,14.3908,,15.0715,
72,176038,000068.XSHE,2021-12-31,2022-03-05,2021-12-31,-0.0971,-103167522.83,-117051628.82,-757986.42,-31.2366,-32.9709,-3.0564,-12.6414,8.9706,112.5077,-13.2613,-12.6414,1.0674,8.1968,8.3511,,,,92.0424,-2.1782,,309.2369,,309.2369,,30.0008,,33.9354,,41.158,
73,176039,300437.XSHE,2021-12-31,2022-03-08,2021-12-31,0.4013,83154045.67,145344942.97,24490233.28,6.3235,5.8388,2.0198,4.9154,21.9614,91.1263,7.195,4.9154,1.1752,5.7714,3.7953,126.3751,21.2939,92.3346,41.2556,19.9361,224.6637,32.3694,,32.3694,,130.4025,,120.5195,,124.14,
74,176040,600681.XSHG,2021-12-31,2022-03-08,2021-12-31,0.39,495059862.93,747488814.43,23221891.86,13.190999999999999,12.1525,6.8632,11.9954,22.0786,83.8366,16.1341,11.9954,1.1235,2.9392,1.3571,100.5464,3.1236,92.1274,113.7425,24.5747,152.0396,7.6543,,7.6543,,6.7879,,6.1,,5.8902,
75,176041,300896.XSHE,2021-12-31,2022-03-08,2021-12-31,4.43,914421058.03,1078348210.06,45851926.72,20.0307,19.1236,19.345,66.12,93.6963,25.5219,77.8122,66.12,10.808,4.4697,-3.5860000000000003,96.1234,4.0872,95.4711,99.8338,65.1148,87.4281,104.1297,,104.1297,,124.0953,,120.8943,,117.8058,
76,176042,000688.XSHE,2021-12-31,2022-03-08,2021-12-31,0.1894,213780122.57,237395374.1,21977671.07,8.2766,8.5253,4.1575,10.9884,31.098000000000003,86.1129,15.6667,10.9884,0.2239,10.6155,1.4962,100.135,9.2703,103.0059,109.7832,23.6458,170.2718,88.3558,,88.3558,,42.3982,,27.6465,,41.0324,
77,176043,002033.XSHE,2021-12-31,2022-03-08,2021-12-31,-0.0688,-32825352.02,-8535432.42,-6209804.51,-1.5208,-1.3205,-1.3607,-10.4935,46.1388,102.3819,-3.5905,-10.4935,7.2039,39.2509,-2.4267,,,,111.2556,0.4151,,-16.8652,,-16.8652,,-112.264,,-149.5705,,-153.6293,
78,176044,300772.XSHE,2021-12-31,2022-03-08,2021-12-31,1.59,479960340.31,631734484.22,26939444.98,21.7502,21.3119,2.421,3.0738,16.8399,96.0617,3.0582,3.0738,8.5153,0.5678,-0.047,129.6797,5.53,97.9849,70.3456,14.3256,363.7484,39.753,,39.753,,225.3697,,184.9909,,183.1291,
79,176045,300801.XSHE,2021-12-31,2022-03-08,2021-12-31,1.2893,265741711.52,320802756.36,11616445.59,13.9779,13.3386,11.8964,12.6024,22.2287,85.4782,14.6383,12.6024,0.9077,3.1728,-0.5038,99.4309,3.6004,95.4262,75.1567,11.5383,79.4552,44.4913,,44.4913,,39.9738,,42.629,,42.6688,
80,176046,000589.XSHE,2021-12-31,2022-03-08,2021-12-31,0.4,263340105.46,266508746.09,12826649.49,6.8552,4.8825,3.0321,5.0386,15.7294,96.3687,5.3578,5.0386,3.4163,4.9097,0.4522,68.3922,3.2916,71.2241,115.5491,3.8943,107.2434,7.7922,,7.7922,,-70.9526,,-67.5179,,-67.5235,
81,176047,600481.XSHG,2021-12-31,2022-03-08,2021-12-31,0.19,238229334.08,410611576.54,10757215.85,13.4708,10.3478,5.185,8.8678,27.8356,89.2784,10.4385,8.8678,6.2166,4.6006,1.1713,100.7385,2.6392,76.8162,71.46300000000001,2.3976,22.3621,84.8738,,84.8738,,150.7503,,150.3871,,125.682,
82,176048,300001.XSHE,2021-12-31,2022-03-08,2021-12-31,0.18,104327239.42,140833058.61,98034277.31,3.5952,2.0039,0.9565,1.881,21.4872,98.5083,1.9016,1.881,6.0671,6.4527,2.5846,86.0352,59.8894,55.738,93.1048,3.1472,210.9768,26.4848,,26.4848,,0.5622,,-3.8088,,-8.4036,
83,176050,603901.XSHG,2021-12-31,2022-03-09,2021-12-31,0.58,222179661.76,314589389.42,28580761.12,14.110999999999999,12.0056,6.2934,9.5555,32.1427,88.3797,10.959000000000001,9.5555,7.3442,5.4884,0.9238,106.0635,9.636000000000001,85.0801,100.1649,10.4888,90.2627,34.0184,,34.0184,,54.5203,,50.9075,,53.0474,
84,176051,000586.XSHE,2021-12-31,2022-03-09,2021-12-31,0.1351,22768930.06,34322041.55,247135.55,9.2699,8.074,5.5806,6.2432,30.1749,92.3668,7.4249,6.2432,8.3731,7.3376,0.3894,102.8875,0.7408,87.0992,101.01100000000001,-1.4168,-18.5613,-7.311,,-7.311,,22.9631,,23.2343,,7.2779,
85,176052,000712.XSHE,2021-12-31,2022-03-09,2021-12-31,-0.15,-113378251.55,-521925990.26,390926951.86,-3.9296,-3.3895,-0.6306,-13.9652,,,-12.2622,-13.9652,,110.0654,,,,,,-244.4917,,-39.8412,,-39.8412,,-152.6172,,-194.1408,,-298.9273,
86,176053,300842.XSHE,2021-12-31,2022-03-09,2021-12-31,0.94,105358110.58,133207080.05,-22038339.31,10.6352,11.9284,4.8371,3.3376,10.0598,95.26700000000001,3.245,3.3376,1.6898,0.5954,-0.5557,132.3955,-21.9041,112.1598,91.1802,-9.2166,-194.733,77.9562,,77.9562,,2.3522,,14.435,,14.435,
87,176054,000063.XSHE,2021-12-31,2022-03-09,2021-12-31,1.47,3305900000.0,5629645000.0,2663557000.0,14.3765,6.976,4.4057,6.1437,35.2438,95.0842,7.5760000000000005,6.1437,7.6258,4.7542,0.8408,66.2395,31.3399,48.5238,105.6362,13.7297,279.2987,12.8841,,12.8841,,58.5916,,49.012,,59.9375,
88,176056,603535.XSHG,2021-12-31,2022-03-10,2021-12-31,1.19,162953107.24,197044421.22,5167446.05,9.6572,8.6275,7.0102,14.3934,26.4839,84.4731,15.652999999999999,14.3934,2.5688,5.8038,0.496,91.9688,2.4119,89.3373,103.4232,6.1235,39.4379,10.2202,,10.2202,,2.7439999999999998,,12.6145,,12.8597,
89,176057,605358.XSHG,2021-12-31,2022-03-10,2021-12-31,1.46,583990200.0,693021372.94,-30996846.63,12.7755,12.4283,6.572,24.4885,44.8989,72.7255,26.9172,24.4885,0.703,2.7811,4.1952,101.6454,-4.5463,97.2825,49.044,17.2193,63.1335,69.1668,,69.1668,,185.9826,,189.0466,,197.2422,
90,176058,600063.XSHG,2021-12-31,2022-03-10,2021-12-31,0.51,987862575.71,1161715690.01,38537186.56,16.3682,16.4639,8.7466,12.0692,24.9407,85.6634,14.454,12.0692,0.4577,3.9449,1.1723,105.0885,3.4861,100.5841,97.8839,18.639,130.0098,14.8804,,14.8804,,68.0329,,60.0124,,60.6827,
91,176059,300285.XSHE,2021-12-31,2022-03-10,2021-12-31,0.79,699104394.92,903638206.93,22006576.17,14.8097,13.0207,12.1528,26.7209,45.0352,71.4196,29.8974,26.7209,3.4934,5.2248,0.5078,94.4113,2.2992,87.92,83.81,18.0864,63.2825,24.3674,,24.3674,,32.7623,,36.0043,,38.5681,
92,176060,300304.XSHE,2021-12-31,2022-03-10,2021-12-31,0.27,127032388.95,152650031.54,112340718.94,10.3162,5.6161,8.1984,22.4529,32.7789,86.1144,25.3419,22.4529,3.09,4.8628,0.7942,54.7579,40.2983,54.44,83.854,19.6913,141.8108,30.9424,,30.9424,,18.7779,,20.5563,,18.0849,
93,176061,603025.XSHG,2021-12-31,2022-03-10,2021-12-31,0.39,340058683.74,364648620.87,10331638.49,18.9243,17.9787,16.575,24.2346,41.1599,75.7689,27.3828,24.2346,2.701,4.7556,-1.194,87.6507,2.4834,95.0034,73.8827,16.9261,69.8528,80.7593,,80.7593,,74.78399999999999,,68.3934,,66.9975,
94,176062,000001.XSHE,2021-12-31,2022-03-10,2021-12-31,1.73,36230000000.0,30105000000.0,15643000000.0,9.5674,9.5395,0.7739,21.451999999999998,,,27.1485,21.451999999999998,,28.301,,65.6183,34.0962,99.7083,,-113.7853,-640.2026,10.317,,10.317,,24.5902,,25.6084,,25.6084,
95,176063,001205.XSHE,2021-12-31,2022-03-10,2021-12-31,1.2063,120981798.55,141341508.11,4993095.48,12.6854,11.8088,9.28,21.211,35.6672,76.9319,23.8974,21.211,0.7923,5.1809,2.3409,93.7628,3.3123,93.0897,104.57600000000001,30.3432,131.5375,27.6436,,27.6436,,13.0039,,16.2265,,16.2265,
96,176064,603601.XSHG,2021-12-31,2022-03-10,2021-12-31,0.3461,225618193.87,231779060.45,8880066.8,13.1159,11.8619,8.8583,15.5153,30.9526,85.6901,16.6634,15.5153,2.6929,6.6215,0.8156,85.834,3.2885,90.4385,75.8481,9.1851,64.1873,-14.0385,,-14.0385,,-42.6226,,-36.306,,-30.6402,
97,176065,603860.XSHG,2021-12-31,2022-03-10,2021-12-31,0.57,34111177.25,40888868.92,128865.05,5.5548,5.0149,4.5139,17.8024,48.6267,79.8869,20.7985,17.8024,4.9612,17.8786,-2.0078,96.6407,0.3046,90.2811,102.9212,17.7846,88.4231,13.1245,,13.1245,,6.5681,,4.8491,,7.827999999999999,
98,176066,002552.XSHE,2021-12-31,2022-03-10,2021-12-31,0.02,-2433662.27,-7272233.29,13380780.52,0.9456,-0.3614,0.828,1.8029,13.2198,102.0592,1.5978,1.8029,0.982,8.6478,-0.2271,-112.6045,207.1903,-38.2227,80.9155,14.1225,,-3.6843,,-3.6843,,-69.0915,,-16.0305,,-16.0305,
99,176067,688037.XSHG,2021-12-31,2022-03-10,2021-12-31,0.92,63838961.51,52817085.27,1062529.8,9.1222,7.5289,4.8563,9.3341,38.0822,93.6263,9.1472,9.3341,8.7673,11.159,-0.193,69.5118,1.3984,82.5331,110.2642,-26.3464,-413.3614,151.9526,,151.9526,,109.0451,,58.4104,,58.4104,
100,176068,688600.XSHG,2021-12-31,2022-03-10,2021-12-31,0.36,14134536.84,-17944065.52,16398698.08,5.6253,1.6745,4.4669,8.693999999999999,50.6276,103.1903,5.5572,8.693999999999999,26.2571,5.8684,-0.0857,-45.4815,41.5646,29.7673,83.2288,-5.4554,,34.7924,,34.7924,,-36.7149,,-20.2962,,-19.3247,
101,176069,600552.XSHG,2021-12-31,2022-03-10,2021-12-31,0.2061,61657124.31,298468568.43,-2513744.41,6.0561,2.3717,3.3265,3.9218,16.4759,95.2805,4.4737,3.9218,1.639,2.8654,2.0044,105.7371,-0.8905,39.1623,99.6372,7.7883,165.0231,24.7936,,24.7936,,36.6494,,32.2382,,30.3529,
102,176070,000739.XSHE,2021-12-31,2022-03-10,2021-12-31,0.8108,833083068.11,1001295451.33,66734906.5,20.2218,17.6301,11.4725,10.6854,26.5389,88.8031,12.5171,10.6854,5.0603,5.0822,-0.1599,89.8765,5.9901,87.1836,71.0316,6.8408,61.0957,13.4897,,13.4897,,15.4324,,16.9971,,16.9971,
103,176071,603938.XSHG,2021-12-31,2022-03-10,2021-12-31,1.72,332015672.93,388023447.84,2961639.19,24.1222,23.8606,17.3991,20.9467,33.8387,75.7314,24.548000000000002,20.9467,0.8916,3.2015,-0.0089,99.4805,0.7593,98.9156,88.318,15.9199,65.5987,58.8933,,58.8933,,244.5589,,246.3451,,244.7628,
104,176072,300929.XSHE,2021-12-31,2022-03-10,2021-12-31,0.91,65733386.18,77700307.86,6561106.39,11.0376,9.8948,4.558,11.4654,26.4754,87.7561,13.419,11.4654,1.186,5.5924,3.7749,91.2681,7.7068,89.647,66.0909,-10.4787,-85.5831,8.0254,,8.0254,,0.5475,,0.9789,,1.055,
105,176073,600989.XSHG,2021-12-31,2022-03-10,2021-12-31,0.97,7335511226.86,8433156034.82,-36003.7,24.9881,25.925,17.1448,30.3453,42.207,63.8061,36.1399,30.3453,0.2559,2.5655,1.1104,103.8475,-0.0004,103.7492,83.4071,27.8448,76.9323,46.2854,,46.2854,,52.0995,,52.9479,,52.9479,
106,176074,002273.XSHE,2021-12-31,2022-03-10,2021-12-31,0.34,368583916.75,371305444.76,75702933.32,6.4606,5.3853,5.3173,12.1075,23.8052,90.2529,13.091,12.1075,1.2551,6.1624,-0.6751,74.7749,15.2453,83.3562,96.5733,18.6105,190.9329,18.178,,18.178,,-5.6983,,0.0749,,-0.2708,
107,176075,688357.XSHG,2021-12-31,2022-03-10,2021-12-31,4.76,245782797.05,283098713.88,10453249.69,25.0489,22.3546,19.2321,31.3801,46.5402,67.7434,34.5537,31.3801,2.6919999999999997,5.9808,-0.2249,89.0877,3.2895,89.2439,79.3922,44.1838,136.9759,94.3629,,94.3629,,106.1209,,116.2238,,116.2238,
108,176077,600603.XSHG,2021-12-31,2022-03-10,2021-12-31,0.48,510832623.53,910322062.36,19382616.11,9.4371,8.4147,3.6559,17.7003,44.1985,72.5588,23.0451,17.7003,4.4499,2.7754,1.7877,119.3617,2.5415,89.1662,133.3978,40.2544,146.6931,-24.5101,,-24.5101,,-32.8955,,-30.5494,,-30.4623,
109,176078,000707.XSHE,2021-12-31,2022-03-10,2021-12-31,0.9105,421517188.32,425586106.35,-4686586.0,282.6504,281.9128,16.1931,13.7937,22.2434,86.109,13.8578,13.7937,1.3133,2.0456,2.177,101.3467,-1.1159999999999999,99.73899999999999,76.8891,19.0342,137.026,71.6567,,71.6567,,185.6912,,187.8915,,187.9778,
110,176079,000026.XSHE,2021-12-31,2022-03-10,2021-12-31,0.9036,369418754.83,516509096.49,3754939.39,13.3435,12.7097,9.5423,7.3966,37.3413,90.15,9.6379,7.3966,20.022000000000002,4.9893,0.6613,102.8231,0.7475,95.2502,111.7091,10.4362,105.9515,23.5727,,23.5727,,35.8915,,31.8705,,31.8668,
111,176080,002346.XSHE,2021-12-31,2022-03-10,2021-12-31,1.02,96942130.11,-8444028.47,510338569.3,19.958,4.3204,10.9304,60.9542,21.2877,101.2256,72.0309,60.9542,2.1417,11.4069,4.4708,-1.7198,103.943,21.6474,82.6465,13.8199,,13.9847,,13.9847,,174.8972,,150.7761,,178.3277,
112,176081,000915.XSHE,2021-12-31,2022-03-11,2021-12-31,1.62,356264194.12,772846002.36,26775051.92,18.1195,16.9759,18.4604,34.7435,68.8957,61.8751,40.3584,34.7435,18.3474,7.5772,-0.6989,94.12100000000001,3.2608,93.689,120.7469,37.2866,97.8012,11.3182,,11.3182,,33.5212,,32.2091,,30.7838,
113,176082,002056.XSHE,2021-12-31,2022-03-11,2021-12-31,0.6888,903600011.98,1037463734.43,108798748.77,17.5867,14.183,9.5629,8.8813,18.1718,91.771,9.8435,8.8813,1.4994,3.4582,-0.0812,84.5658,8.8684,80.6466,99.4346,10.196,123.9035,55.5359,,55.5359,,8.1162,,10.3051,,10.5443,
114,176083,688690.XSHG,2021-12-31,2022-03-11,2021-12-31,0.4974,172158700.0,192654651.52,10756864.54,23.8483,21.8283,19.5204,41.9708,83.8942,56.8375,47.6946,41.9708,14.8449,10.6506,-1.0041,90.5198,5.0542,91.5301,95.5217,35.3008,81.7857,117.7376,,117.7376,,153.2867,,156.97,,158.7461,
115,176084,301122.XSHE,2021-12-31,2022-03-11,2021-12-31,1.85,125366249.94,146618720.8,199937.98,29.381,28.1859,24.0143,29.5625,43.8614,66.8322,34.3539,29.5625,0.8713,4.5012,0.4596,96.6232,0.1318,95.9325,99.6086,36.207,109.1633,-12.466,,-12.466,,-6.7427,,-4.6337,,-4.6337,
116,176085,300871.XSHE,2021-12-31,2022-03-11,2021-12-31,0.8,115223691.93,134232751.36,4404087.79,8.8636,7.6867,5.9132,13.337,27.1749,86.5257,15.1601,13.337,4.7333,4.2071,-0.4399,88.9947,2.9199,86.72200000000001,105.3087,15.630999999999998,116.0063,28.1376,,28.1376,,-14.4402,,-11.5151,,-11.5151,
117,176086,603303.XSHG,2021-12-31,2022-03-11,2021-12-31,0.6871,234152835.86,288752628.05,51546490.52,10.9514,7.8244,6.9319,6.2178,13.7538,94.524,5.5979,6.2178,2.8642,3.0718,-0.7715,79.0959,14.1198,71.4468,93.6168,-1.9806,-36.1689,16.9839,,16.9839,,-7.7268,,-4.5517,,-4.1885,
118,176087,000708.XSHE,2021-12-31,2022-03-11,2021-12-31,1.58,7820919337.45,10035518919.7,-231181788.3,26.0083,25.5777,9.8086,8.1787,17.1234,89.6894,9.8102,8.1787,0.5466,1.6131,0.488,105.5932,-2.4325,98.3442,81.1793,13.2995,128.9886,27.5843,,27.5843,,26.8347,,31.8894,,31.8366,
119,176088,002320.XSHE,2021-12-31,2022-03-11,2021-12-31,0.1193,239899689.6,359525454.47,304607.01,6.6873,6.0338,5.084,20.4129,40.6514,74.3032,23.4782,20.4129,1.3033,12.3054,-1.1601,106.5595,0.0903,90.2273,110.7959,40.6701,158.2691,30.4253,,30.4253,,11.5246,,14.5117,,6.6075,
120,176089,000062.XSHE,2021-12-31,2022-03-11,2021-12-31,0.8447,867261713.04,1384233965.27,24562193.82,15.1046,14.8281,7.4457,4.5651,11.389000000000001,93.9396,5.8839999999999995,4.5651,2.6158,1.3599,0.5,103.7591,1.8411,98.1695,98.92,-4.0787,-67.3,39.8604,,39.8604,,52.1667,,44.8712,,41.4616,
121,176090,600433.XSHG,2021-12-31,2022-03-11,2021-12-31,0.08,688374.46,629382197.83,6548098.62,3.5495,0.0176,6.0538,5.364,18.6785,91.4923,6.3812,5.364,1.1634,3.4543,0.1624,134.3993,1.3983,0.4963,88.5932,15.8558,186.3712,13.855,,13.855,,-3.3091,,-13.0805,,-56.3765,
122,176091,688018.XSHG,2021-12-31,2022-03-11,2021-12-31,2.4775,172699580.93,178790585.03,25304010.18,11.4561,9.9707,10.0249,14.3127,39.6016,87.1037,15.0295,14.3127,3.0162,4.0022,-0.1668,85.8208,12.1461,87.03399999999999,104.8597,2.2693,17.5965,66.7742,,66.7742,,88.6364,,90.7006,,90.7006,
123,176092,605208.XSHG,2021-12-31,2022-03-11,2021-12-31,1.29,142234090.06,229527396.16,47245907.71,13.9853,8.7504,8.806000000000001,6.9102,13.0657,93.0228,8.9143,6.9102,0.4513,3.1431,0.6052,78.7589,16.2117,62.5688,113.7073,-4.8619,-69.6829,22.0107,,22.0107,,27.788,,31.233,,31.233,
124,176093,600212.XSHG,2021-12-31,2022-03-11,2021-12-31,-0.0392,-1805867.32,-14390496.44,-64944.0,-8.2692,-0.7439,-6.5611,-8.2682,14.2676,105.9269,-8.2095,-8.2682,0.0395,18.6082,-0.028999999999999998,,,,40.3785,-11.6242,,-12.2839,,-12.2839,,-200.3108,,-202.734,,-202.734,
125,176094,000408.XSHE,2021-12-31,2022-03-11,2021-12-31,0.73,1357924600.53,1615479534.88,227865894.47,16.4337,15.6345,14.7894,39.400999999999996,58.8258,55.4055,49.5832,39.400999999999996,1.252,6.754,-0.281,95.3129,13.444,95.1367,95.2374,56.1812,125.9823,90.3136,,90.3136,,429.2972,,523.5989,,523.5989,
126,176095,605299.XSHG,2021-12-31,2022-03-11,2021-12-31,0.28,102473679.58,147475713.47,6937919.45,8.9869,7.9532,6.0515,7.4131,28.2012,90.5586,9.6827,7.4131,8.1908,6.7406,0.2148,99.3101,4.672,88.4975,110.1744,6.9479,73.5898,5.2521,,5.2521,,-16.3446,,-15.4492,,-15.4492,
127,176096,600830.XSHG,2021-12-31,2022-03-11,2021-12-31,0.04,4090027.32,97716611.34,33681632.53,0.7953,0.1957,0.9942,20.069000000000003,75.7604,62.5493,32.1502,12.3895,1.494,41.3472,-3.3028,136.7591,47.1391,24.6116,102.329,-374.3002,-617.0067,41.9433,,88.111,,1492.3074,,402.3493,,174.43099999999998,
128,176097,300751.XSHE,2021-12-31,2022-03-11,2021-12-31,6.26,596916547.75,573505129.09,2431934.33,16.8758,15.6711,8.6892,20.2506,38.3029,81.4723,20.352,20.2506,6.3607,2.9824,-0.8715,88.6882,0.3761,92.8616,92.838,21.2309,114.5899,35.4395,,35.4395,,61.9392,,62.0081,,62.9684,
129,176098,601016.XSHG,2021-12-31,2022-03-11,2021-12-31,0.154,755963507.85,1025295778.5,4428246.76,7.4918,7.3788,2.2171,22.7106,55.2085,71.0279,25.8457,22.7106,,5.2823,20.0509,113.38600000000001,0.4897,98.492,79.0103,59.3955,205.0091,32.6816,,32.6816,,17.5918,,20.8273,,24.2205,
130,176099,600992.XSHG,2021-12-31,2022-03-11,2021-12-31,0.1266,21545717.8,11323195.97,8639984.92,2.1376,1.4842,0.9907,1.2269,10.7911,99.5523,1.4254,1.2269,5.7835,1.9373,0.5311,31.45,23.9974,69.4314,56.1732,0.2579,57.5948,18.7367,,18.7367,,3.8547,,2.7995,,2.7995,
131,176100,002419.XSHE,2021-12-31,2022-03-11,2021-12-31,0.1948,-88371392.61,-70011920.29,110844328.4,4.2971,-1.636,0.9351,1.9022,39.2368,100.5707,2.9168,1.9022,32.7077,3.1685,2.5855,-21.0782,33.3715,-38.0729,162.4286,22.2856,,3.9688,,3.9688,,6.7978,,-9.0879,,-8.4109,
132,176101,688617.XSHG,2021-12-31,2022-03-11,2021-12-31,3.19,167584797.74,180408193.86,32819934.52,18.5771,14.9732,14.9782,23.5132,69.4887,78.2297,26.8499,23.5132,23.6892,6.6512,0.0774,81.429,14.8136,80.6002,116.1605,21.8887,100.5438,72.8463,,72.8463,,86.2782,,87.0064,,87.6954,
133,176102,688363.XSHG,2021-12-31,2022-03-11,2021-12-31,1.63,663336045.63,781836058.75,28040493.65,14.5975,12.3771,11.7325,15.6748,78.0658,84.1982,18.3022,15.6748,49.2378,6.1238,-0.01,87.8271,3.1499,84.7893,107.3531,25.7906,163.2132,87.9329,,87.9329,,19.6163,,20.2392,,21.1346,
134,176103,600306.XSHG,2021-12-31,2022-03-12,2021-12-31,-0.5931,-108129728.46,-100773995.58,3253407.02,,,-7.5681,-69.3662,54.6337,166.1591,-67.426,-69.3662,3.3538,25.2108,72.9548,,,,334.2792,19.0544,,-20.6361,,-20.6361,,20.2612,,29.1459,,29.1528,
135,176104,600761.XSHG,2021-12-31,2022-03-12,2021-12-31,0.86,501928874.92,770343649.44,69249612.76,11.2673,8.921,7.3362,5.0933,16.0984,95.0032,5.6909,5.0933,3.3716,2.5755,-0.0399,85.5839,7.6935,79.1756,79.2338,4.2001,84.0556,20.4743,,20.4743,,-7.9509,,-5.8827,,-13.3966,
136,176105,603477.XSHG,2021-12-31,2022-03-12,2021-12-31,0.53,307698107.46,331633720.21,12330242.67,8.7071,10.345,5.1719,8.9388,18.9909,88.8823,9.9374,8.9388,1.2729,4.1549,1.5981,119.4546,4.4414,118.8107,97.4338,5.2032,46.8012,107.2639,,107.2639,,6.7273,,99.7313,,102.8415,
137,176106,600211.XSHG,2021-12-31,2022-03-12,2021-12-31,0.84,66693827.12,567191426.75,146473011.17,8.0261,2.562,6.3148,9.9611,89.5623,73.4782,12.0079,9.9611,54.0035,4.6507,0.3156,222.5576,57.4739,31.9204,97.3169,17.139,64.6222,55.7482,,55.7482,,-45.6068,,-49.3591,,-50.0263,
138,176107,605028.XSHG,2021-12-31,2022-03-12,2021-12-31,1.28,171130031.92,193309991.55,886790.91,23.8886,23.3036,20.7646,44.4425,65.3207,51.0269,52.1956,44.4425,0.1298,12.5049,-0.7811,94.3571,0.4329,97.5509,103.3029,53.9606,110.1842,31.9584,,31.9584,,44.5034,,44.7339,,44.7339,
139,176108,002198.XSHE,2021-12-31,2022-03-12,2021-12-31,0.0029,282064.41,30118963.52,1121824.96,0.2161,0.0413,0.1829,0.257,75.3086,94.7593,0.9358,0.257,57.1312,8.8313,-0.2566,517.2230000000001,19.2647,19.0936,110.0747,9.0132,171.9851,5.5045,,5.5045,,-77.6409,,-92.5535,,-92.5535,
140,176109,002817.XSHE,2021-12-31,2022-03-12,2021-12-31,0.27,48301265.66,53133518.21,3112137.38,7.2404,6.1475,5.643,14.6287,32.0009,86.0135,16.3217,14.6287,8.1001,7.5124,-1.7911,85.8878,5.0306,84.9062,88.9318,22.6616,162.0247,18.9292,,18.9292,,21.7013,,27.4891,,25.7031,
141,176110,600113.XSHG,2021-12-31,2022-03-12,2021-12-31,1.59,115586062.97,170558603.59,-6340058.35,36.5292,6.4723,25.8927,100.434,40.9108,73.5731,110.9332,100.434,4.1374,9.1047,-0.8297,19.5577,-0.727,17.7183,131.134,39.0272,147.6797,18.6412,,18.6412,,1133.2711,,1967.0656,,1762.9004,
142,176111,603103.XSHG,2021-12-31,2022-03-12,2021-12-31,0.02,-44580147.47,-23881078.57,16163729.71,0.812,-2.6484,0.304,0.5776,15.8559,101.0093,0.4515,0.5776,4.6423,3.2659,5.5487,-80.8028,54.6907,-326.1754,103.4333,27.5797,,139.0613,,139.0613,,101.9699,,102.8373,,102.8443,
143,176112,600050.XSHG,2021-12-31,2022-03-12,2021-12-31,0.20600000000000002,6451519911.0,17185873474.0,4337778247.0,4.2472,4.3455,2.4522,4.3971,24.5517,94.7581,5.3975,4.3971,9.8252,7.5581,0.0295,96.5101,24.3595,102.3163,107.398,34.1528,651.5327,7.9043,,7.9043,,13.5052,,15.1,,14.2023,
144,176113,000795.XSHE,2021-12-31,2022-03-12,2021-12-31,0.11900000000000001,102877240.35,96131664.62,29563193.37,5.6245,4.2726,2.3248,2.6042,15.6083,97.4434,3.7806,2.6042,2.2894,5.1104,0.6102,73.9883,22.7535,75.9653,95.17,-3.4481,-134.8673,44.5506,,44.5506,,84.3111,,32.1224,,32.6174,
145,176114,688536.XSHG,2021-12-31,2022-03-14,2021-12-31,5.54,368991312.52,373044546.13,60407727.89,15.4289,12.8358,14.5275,33.4504,60.5293,71.8658,33.6024,33.4504,4.263,4.9054,-0.2443,83.8142,13.5722,83.1932,98.6575,18.2315,64.8022,134.0646,,134.0646,,146.132,,141.3246,,141.3246,
146,176115,300211.XSHE,2021-12-31,2022-03-14,2021-12-31,0.094,26220305.97,27796661.15,1956394.85,6.0247,5.55,5.1112,11.3999,27.1685,88.8671,12.3926,11.3999,0.8111,6.7172,-2.7484,89.9298,6.3295,92.1198,75.7862,15.7491,141.4648,206.8315,,206.8315,,186.4705,,208.3554,,208.3554,
147,176116,002777.XSHE,2021-12-31,2022-03-14,2021-12-31,0.7,202824949.31,269891722.46,12651817.48,16.36,15.1862,10.0083,17.8438,56.1073,79.333,19.4235,17.8438,12.4704,9.9773,-0.4007,106.1233,4.9748,92.8251,98.7743,15.5006,75.0016,13.2086,,13.2086,,7.231,,8.297,,17.0887,
148,176117,600873.XSHG,2021-12-31,2022-03-14,2021-12-31,0.76,2041299835.72,2582259800.9,285881421.04,23.8599,20.715999999999998,11.9062,10.4049,19.3369,88.6926,12.5726,10.4049,1.8679,3.24,0.7748,91.4022,10.1191,86.8235,102.8948,16.0686,142.1066,33.9445,,33.9445,,142.0832,,136.3309,,139.4032,
149,176119,002233.XSHE,2021-12-31,2022-03-15,2021-12-31,1.57,1603687410.38,2119582774.0,330161526.81,16.5691,14.47,13.8998,23.822,37.2177,72.5208,31.866999999999997,23.822,1.0028,7.5186,-0.5369,87.5342,13.635,87.3314,112.8668,28.4866,103.6661,9.4618,,9.4618,,2.3337,,3.0466,,3.0396,
150,176120,300848.XSHE,2021-12-31,2022-03-15,2021-12-31,0.89,98507755.78,110699934.78,14725404.92,14.2531,11.7842,8.7533,9.1946,15.7272,91.4699,10.1149,9.1946,0.8821,2.0739,-0.38799999999999996,84.5705,11.2496,82.6777,101.9908,12.4086,145.4679,71.465,,71.465,,12.9569,,16.9478,,16.7743,
151,176121,002916.XSHE,2021-12-31,2022-03-15,2021-12-31,3.02,1271642082.9,1553868642.8,10053001.41,18.5567,15.9373,9.6159,10.6211,23.7083,88.8552,11.597999999999999,10.6211,1.6692,3.8958,0.7688,96.5587,0.6247,85.8848,89.7109,16.7962,150.7085,20.1894,,20.1894,,-0.4833,,3.466,,3.533,
152,176122,002728.XSHE,2021-12-31,2022-03-15,2021-12-31,0.62,113083086.36,155076202.91,6307260.27,10.8378,9.6565,5.8727,16.7402,53.0343,79.5457,18.5409,16.7402,15.6609,7.5471,3.1661,105.4228,4.2878,89.0997,100.7579,33.8734,165.6055,19.8303,,19.8303,,141.4392,,189.6568,,189.6568,
153,176123,605339.XSHG,2021-12-31,2022-03-15,2021-12-31,0.92,353673699.86,445018470.71,957454.44,14.327,13.7542,10.5243,12.8453,31.1245,84.5103,16.0247,12.8453,7.3554,5.4769,-0.7395,96.8718,0.2084,96.0014,121.6125,7.4107,47.8427,23.7079,,23.7079,,13.2088,,13.3422,,13.2688,
154,176124,600746.XSHG,2021-12-31,2022-03-15,2021-12-31,2.1108,2398016803.26,2880659052.45,14529584.51,52.8216,52.7337,45.0645,30.0118,41.6804,64.0079,35.5109,30.0118,0.1092,1.6325,-0.1378,101.8692,0.5138,99.8335,90.4783,29.2575,81.2887,110.8901,,110.8901,,833.9686,,938.4464,,938.4464,
155,176125,600058.XSHG,2021-12-31,2022-03-15,2021-12-31,0.31,334115768.31,1107310722.01,-292796373.28,6.8964,4.8109,2.1742,0.5577,3.1037,98.7347,0.9257,0.5576,0.0944,1.3795,0.2378,140.8648,-37.2476,69.759,101.7262,1.0661,84.2496,29.9894,,29.9901,,85.5436,,84.1933,,78.26,
156,176126,000050.XSHE,2021-12-31,2022-03-15,2021-12-31,0.6276,687017436.92,1681933705.18,-9697039.16,4.5074,2.0076,2.0033,4.846,18.3381,94.7158,5.0979,4.846,1.0685,3.175,1.7794,101.2732,-0.5839,44.5405,103.3207,15.8753,300.4279,8.8821,,8.8821,,0.4422,,4.6073,,4.6073,
157,176127,603093.XSHG,2021-12-31,2022-03-15,2021-12-31,0.4,246038870.26,206374107.28,67198175.07,8.8674,8.9562,0.9263,2.3073,,,3.2242,2.3073,,5.5773,,62.0466,20.2032,101.0018,,47.053000000000004,2397.3606,6.0469,,6.0469,,180.497,,162.0136,,158.6702,
158,176128,603018.XSHG,2021-12-31,2022-03-15,2021-12-31,0.92,598822523.06,948330026.62,15224175.08,17.093,16.5568,6.3982,10.9333,31.8605,83.7112,12.6844,10.9333,4.3041,6.2279,-0.0225,128.6043,2.0646,96.863,84.8085,6.7341,41.3416,8.7445,,8.7445,,5.7045,,5.2846,,6.0954,
159,176129,600523.XSHG,2021-12-31,2022-03-15,2021-12-31,0.38,144269544.72,188645535.42,33229557.01,5.7137,5.3914,4.8968,6.7275,23.6856,92.1211,7.6328,6.7275,1.9348,9.5797,-0.6671,105.3401,18.5555,94.3584,94.0148,9.7415,123.64,7.0751,,7.0751,,-3.6352,,-0.5023,,1.78,
160,176130,688350.XSHG,2021-12-31,2022-03-15,2021-12-31,0.9,89382478.23,111594558.71,6557043.69,9.072000000000001,7.5604,6.7936,7.3867,19.8179,92.3161,8.3377,7.3867,3.3756,3.9398,-0.0036,88.7235,5.2132,83.3379,63.9197,6.6135,86.0697,27.9821,,27.9821,,-1.4454,,2.2724,,2.233,
161,176131,002190.XSHE,2021-12-31,2022-03-15,2021-12-31,0.1553,31313177.21,110859548.61,-1227959.34,1.3989,0.7861,1.7041,7.2085,18.0024,91.2579,7.9724,7.2085,0.3862,3.4256,0.3804,108.5598,-1.2025,56.1889,68.1109,3.9302,44.957,28.9066,,28.9066,,-26.2235,,-31.4532,,-53.1231,
162,176132,002996.XSHE,2021-12-31,2022-03-15,2021-12-31,0.78,242704724.91,369296069.68,2797678.2,16.8188,11.929,9.5898,3.8654,5.5866,96.3014,4.3488,3.8654,0.2446,0.583,0.5955,84.0377,0.6366,70.9267,110.4135,-9.7015,-262.3008,105.0724,,105.0724,,73.0122,,74.8225,,74.7388,
163,176133,600309.XSHG,2021-12-31,2022-03-15,2021-12-31,7.85,24356144091.02,29751554246.89,498704417.92,42.0344,41.5354,15.4535,17.2048,26.2621,79.5575,20.2184,17.2048,0.7227,1.2998,1.016,102.0585,1.7107,98.8129,117.771,19.1856,93.8515,98.1914,,98.1914,,148.8428,,140.4189,,145.4705,
164,176134,603356.XSHG,2021-12-31,2022-03-15,2021-12-31,0.02,-3987940.68,4863888.6,1145808.31,0.2599,-0.511,0.1023,0.0857,7.4103,99.7823,-0.03,0.0857,0.9367,3.2228,0.9883,189.4099,44.6201,-196.5754,104.1023,-2.3055,-1058.9065,16.8404,,16.8404,,-100.6481,,-97.8588,,-97.2457,
165,176135,688776.XSHG,2021-12-31,2022-03-15,2021-12-31,2.56,154089017.13,192520408.47,,15.1423,14.152999999999999,11.4103,27.9255,49.7923,67.389,32.1929,27.9255,2.0792,10.6842,-0.2935,100.6854,,93.4669,71.4007,8.7283,26.765,32.4097,,32.4097,,67.8731,,72.7956,,72.7956,
166,176136,301055.XSHE,2021-12-31,2022-03-15,2021-12-31,0.61,74263801.94,97385566.39,909235.59,13.5564,12.7869,8.996,10.359000000000002,38.6007,87.1868,12.8831,10.359000000000002,15.4325,6.9092,-0.2081,98.8377,0.9228,94.3238,110.9995,16.0823,125.5136,32.8147,,32.8147,,2.9501,,1.9644,,1.9644,
167,176137,002324.XSHE,2021-12-31,2022-03-15,2021-12-31,0.0235,-39394321.56,50661191.49,13427047.71,0.8958,-1.486,0.4654,0.4312,10.8379,98.9599,0.7064,0.4312,0.8942,2.6447,0.747,145.0372,38.4401,-165.8836,105.8495,-2.8021,-269.4068,9.5161,,9.5161,,-92.4862,,-94.72399999999999,,-93.9985,
168,176138,688689.XSHG,2021-12-31,2022-03-15,2021-12-31,1.12,129346071.87,152679799.54,10028688.44,17.0675,15.6711,12.8092,16.9244,32.3946,81.6569,18.8934,16.9244,3.1929,4.4522,0.2273,96.2768,6.3239,91.8186,82.4636,13.5628,73.9394,36.3989,,36.3989,,103.13799999999999,,102.5791,,102.5791,
169,176139,600973.XSHG,2021-12-31,2022-03-15,2021-12-31,-0.56,-794478314.04,546134247.66,10282730.62,-18.7802,-19.5553,-3.1795,-1.5064,6.3862,98.7263,-1.6607,-1.5064,0.9895,1.0863,1.2005,,,,108.2805,1.0206,80.1333,25.0673,,25.0673,,-308.5245,,-344.2277,,-435.9085,
170,176140,002420.XSHE,2021-12-31,2022-03-15,2021-12-31,0.19,47181133.48,65358457.16,-4887957.76,12.2944,7.7997,3.8577,2.0980000000000003,10.4335,98.2545,2.1965,2.0980000000000003,1.2204,3.1531,0.5226,80.6357,-6.0305,63.4414,69.7033,0.2854,16.3494,22.2361,,22.2361,,27.8277,,21.9735,,12.9458,
171,176141,603330.XSHG,2021-12-31,2022-03-15,2021-12-31,0.47,42845544.84,60037463.09,825313.9,12.7498,4.9588,6.6237,9.889,25.6362,94.3772,10.7292,9.889,6.95,6.7453,2.0703,42.7549,0.5877,38.8932,84.1885,-3.3924,-60.3328,52.7403,,52.7403,,66.1981,,93.5423,,112.7154,
172,176142,688586.XSHG,2021-12-31,2022-03-15,2021-12-31,0.57,200473202.91,220811397.53,478245.5,11.5166,9.9876,7.1434,24.2492,43.6072,76.8368,26.7485,24.2492,2.5534,14.116,-1.9374,85.4687,0.1851,86.7233,133.1583,33.7087,145.5271,14.7193,,14.7193,,21.7068,,19.2306,,19.2306,
173,176143,603078.XSHG,2021-12-31,2022-03-15,2021-12-31,0.2883,53174552.31,64034531.66,2378481.47,4.9748,4.6814,2.6415,7.0638,22.1549,91.9163,8.1343,7.0638,1.4180000000000001,6.9429,0.5642,103.9836,3.8623,94.1014,70.9805,-6.2251,-77.0083,40.5023,,40.5023,,-4.7483,,-2.5672,,-2.8959,
174,176144,301096.XSHE,2021-12-31,2022-03-15,2021-12-31,1.37,102894486.94,114582402.99,-650696.61,8.3585,7.742000000000001,6.2261,29.6463,67.2648,69.3885,31.7889,29.6463,1.7921,12.7959,0.2354,96.33,-0.547,92.6241,102.4585,38.851,126.9165,80.6107,,80.6107,,83.7078,,94.0246,,93.5211,
175,176145,600178.XSHG,2021-12-31,2022-03-15,2021-12-31,0.1962,47037581.64,112711971.15,40816728.64,4.1523,2.154,1.4240000000000002,1.4912,10.2081,98.2885,1.3966,1.4912,1.7102,3.9757,-0.2267,121.1497,43.8723,51.8749,105.7068,7.1589,418.2827,22.3547,,22.3547,,60.1746,,76.6891,,104.7985,
176,176146,603077.XSHG,2021-12-31,2022-03-15,2021-12-31,0.3584,3014469732.58,3556520045.32,26950501.11,23.8175,23.7479,18.5616,30.7216,41.9319,63.9558,36.4434,30.7216,0.5279,3.1581,0.8554,99.255,0.7521,99.7077,80.4841,32.3977,89.8833,87.5603,,87.5603,,716.3381,,104086.0383,,7284.2823,
177,176147,300721.XSHE,2021-12-31,2022-03-15,2021-12-31,1.5533,130674715.39,161993154.89,68092.25,13.4365,13.3179,5.481,9.0322,20.7887,88.8312,11.1645,9.0322,2.1776,3.3485,1.7053,101.0098,0.0425,99.1167,108.5524,18.3491,164.2901,44.4406,,44.4406,,2522.5199,,3167.3298,,3496.2612,
178,176148,300835.XSHE,2021-12-31,2022-03-15,2021-12-31,1.85,121883139.46,142660366.95,1772971.15,14.6411,13.620999999999999,11.3885,16.2812,35.3505,82.271,18.8629,16.2812,4.433,6.5928,0.7637,95.4962,1.1868,93.0328,81.6265,9.2519,52.1854,43.9146,,43.9146,,99.2142,,92.0533,,92.0533,
179,176149,600749.XSHG,2021-12-31,2022-03-15,2021-12-31,-0.0363,-16187481.51,-65940.5,4423050.64,-0.7831,-1.5719999999999998,-0.5811,-4.8517,38.6573,100.038,-4.7998,-4.8517,6.086,32.8589,-0.9395,,,,94.4286,24.3058,,37.9656,,37.9656,,-217.6984,,-244.5,,-270.01599999999996,
180,176150,600765.XSHG,2021-12-31,2022-03-15,2021-12-31,0.89,723891554.33,1303043090.87,150881725.15,11.0836,9.0085,5.468999999999999,10.9976,28.3273,85.1757,12.9718,10.9976,0.8265,7.4777,0.9253,113.9409,13.1934,81.2777,88.27,17.2652,116.4653,31.2285,,31.2285,,120.5953,,126.8051,,159.0517,
181,176151,603773.XSHG,2021-12-31,2022-03-15,2021-12-31,-0.222,-32216727.39,-690127.93,,-1.7072,-2.0475,-0.7467,-1.6421,22.1055,100.0657,-0.9119,-1.6421,3.8781,11.7334,0.8307,,,,154.4214,8.6682,,73.795,,73.795,,-145.069,,-222.1912,,-290.3736,
182,176152,002283.XSHE,2021-12-31,2022-03-15,2021-12-31,0.49,512839279.07,577700617.25,1195886.06,10.2579,9.7189,6.3523,11.444,24.1256,87.7623,13.0653,11.444,1.1826,3.5780000000000003,0.4624,95.2389,0.1972,94.7453,99.4994,22.3864,182.9306,6.5999,,6.5999,,5.4776,,6.519,,6.5722,
183,176153,002611.XSHE,2021-12-31,2022-03-15,2021-12-31,0.35,380806233.0,407186720.17,77315320.21,11.921,9.7138,7.7662,13.9696,27.5102,88.4477,13.509,13.9696,5.2579,7.7195,-0.1701,84.75200000000001,16.0924,81.4849,97.0823,8.7002,75.3117,20.8645,,20.8645,,23.3164,,23.9976,,20.0814,
184,176154,003036.XSHE,2021-12-31,2022-03-16,2021-12-31,0.34,65530091.61,92538405.35,-226287.62,7.3916,6.6599,4.2503,6.0865,15.9237,92.557,6.1706,6.0865,2.2507,3.41,-0.2115,117.2996,-0.2868,90.1005,101.3973,-8.7488,-117.5434,86.1833,,86.1833,,9.2101,,24.9369,,21.4384,
185,176155,301127.XSHE,2021-12-31,2022-03-16,2021-12-31,0.52,143168140.26,197200181.82,14541327.59,12.7101,11.3593,8.9111,21.0719,37.81,74.0496,24.6683,21.0719,2.6719999999999997,5.0022,1.2356,105.6627,7.7915,89.3721,59.1783,-9.646,-37.171,38.1938,,38.1938,,10.6274,,10.2202,,10.2945,
186,176156,688239.XSHG,2021-12-31,2022-03-16,2021-12-31,1.13,123936009.65,168129476.67,-5819554.5,17.4416,15.558,7.6593,14.4763,32.6037,82.4825,16.3103,14.4763,1.8337,6.0807,1.5930000000000002,107.8344,-3.7325,89.2006,68.1034,-5.5557,-31.7154,43.1079,,43.1079,,86.8029,,91.1286,,91.1286,
187,176157,002912.XSHE,2021-12-31,2022-03-16,2021-12-31,0.33,-5754476.49,14356515.74,18701440.6,3.2762,-0.3351,2.5247,8.1093,68.9548,97.931,3.3924,8.1093,27.519000000000002,8.436,-0.3187,58.7052,76.472,-10.2269,88.0229,-15.850999999999999,-766.1067,-27.2742,,-27.2742,,-90.9791,,-77.2907,,-77.2907,
188,176158,000429.XSHE,2021-12-31,2022-03-16,2021-12-31,0.81,1693091639.41,2873803356.97,277061254.36,20.1046,20.0181,12.5661,45.8918,63.5119,45.6548,59.8832,45.8918,,4.2285,4.1927,90.8813,8.7618,99.5698,103.0229,69.3968,127.6964,39.5137,,39.5137,,69.8224,,77.8666,,95.9349,
189,176159,600353.XSHG,2021-12-31,2022-03-16,2021-12-31,0.1069,52868458.08,71219840.59,14401576.36,4.9607,4.5256,4.5597,7.8465,22.2828,92.9258,8.5438,7.8465,2.6518,7.3316,0.6838,82.8706,16.7575,91.2295,44.1756,2.4443,34.552,11.6096,,11.6096,,34.7311,,35.8099,,8.2397,
190,176160,600409.XSHG,2021-12-31,2022-03-16,2021-12-31,0.8095,1626145089.14,2370624514.56,4906871.49,13.6718,13.3048,7.3561,7.9777,22.1209,89.774,9.9916,7.9777,0.8871,7.4375,1.1618,102.806,0.2128,97.3153,66.2726,6.8153,66.6464,30.3818,,30.3818,,170.1501,,145.6382,,133.0363,
191,176161,688303.XSHG,2021-12-31,2022-03-16,2021-12-31,3.25,5706682800.0,6707474905.04,25883283.72,54.1771,54.0147,36.3683,52.8377,65.6532,38.0765,62.262,52.8377,0.0382,0.9682,1.4340000000000002,99.6999,0.3847,99.7002,72.6531,24.4081,39.4166,132.2314,,132.2314,,448.9571,,448.6022,,448.5589,
192,176162,600366.XSHG,2021-12-31,2022-03-16,2021-12-31,0.5325,355667898.13,429698439.73,285708896.7,11.2168,7.6979999999999995,7.6781,13.5918,25.8876,88.5535,16.7332,13.5918,1.5911,4.7561,1.0453,75.3145,50.0771,68.6292,85.8582,-26.5334,-231.8029,56.473,,56.473,,180.0888,,198.226,,191.5495,
193,176163,002013.XSHE,2021-12-31,2022-03-16,2021-12-31,0.33,1111649677.05,1372971357.72,45038689.96,9.4478,8.2632,4.1457,9.0065,24.4139,90.8421,10.2164,9.0065,0.7504,8.7691,0.1363,89.8669,2.948,87.462,132.9311,42.5241,464.3433,22.6447,,22.6447,,14.3253,,17.9018,,18.2676,
194,176164,002167.XSHE,2021-12-31,2022-03-16,2021-12-31,0.21,112074296.86,105860934.41,55763281.11,12.7065,9.4616,6.801,11.6935,24.2469,91.7701,12.5377,11.6935,0.7959,7.7860000000000005,2.0886,66.1393,34.8395,74.4626,75.1896,15.2443,185.2318,67.5305,,67.5305,,213.06799999999998,,196.8544,,193.5819,
195,176165,300919.XSHE,2021-12-31,2022-03-16,2021-12-31,1.64,768687000.8,1038621316.57,-114416046.37,13.7382,11.247,4.9296,4.6741,11.5417,94.8256,5.3159,4.6741,0.225,1.4845,0.5286,97.2713,-10.7155,81.8665,77.1565,-8.2637,-159.7058,169.8052,,169.8052,,128.0635,,123.296,,123.4752,
196,176166,605123.XSHG,2021-12-31,2022-03-16,2021-12-31,2.8156,286383039.74,338561037.04,7371035.95,17.8889,16.8474,11.0342,17.5433,29.0018,80.4678,20.0892,17.5433,1.6946,3.0483,0.0685,97.2085,2.1164,94.1781,63.818999999999996,0.3514,1.7991,68.6508,,68.6508,,72.7165,,82.5894,,82.5894,
197,176167,301007.XSHE,2021-12-31,2022-03-16,2021-12-31,0.37,36920209.23,39571527.85,,10.2552,7.6627,6.5214,9.6477,23.3735,92.2735,10.51,9.6477,0.7712,7.2512,1.5065,73.5538,,74.7208,101.0778,4.5228,58.5366,15.382,,15.382,,-5.4012,,-2.6367,,-2.6367,
198,176168,002731.XSHE,2021-12-31,2022-03-16,2021-12-31,0.13,36327098.36,47829101.26,-3547587.5,2.6736,2.8492,0.9845,0.9097,7.0473,98.7003,1.5971,0.9097,2.9222,0.8308,1.5997,90.9814,-6.7483,106.569,107.3833,3.0488,234.5799,74.4553,,74.4553,,3.8081,,17.6022,,18.3163,
199,176169,603919.XSHG,2021-12-31,2022-03-16,2021-12-31,0.64,322428804.94,389167776.3,-279503.21,11.28,11.1962,8.8886,18.1542,63.7397,78.2393,22.4144,18.1542,15.5456,10.0511,-0.4061,99.7635,-0.0717,99.2568,121.699,15.6153,71.7594,3.3354,,3.3354,,-7.7364,,-2.0066,,-1.9541,
200,176170,002515.XSHE,2021-12-31,2022-03-16,2021-12-31,0.05,21125332.55,47974103.92,-55105349.0,3.2137,1.5843,2.78,8.2803,20.3501,90.5166,-3.1218,8.2803,7.9881,3.3167,-2.0263,121.9928,-140.1267,49.2962,106.2743,54.8011,577.8629,-28.7879,,-28.7879,,-124.7525,,-29.0824,,-27.7354,
201,176171,002182.XSHE,2021-12-31,2022-03-16,2021-12-31,0.7625,419896005.17,557917274.51,-16629761.66,15.8814,13.5299,7.8391,6.3747,14.0311,93.1262,7.2327,6.3747,0.3686,1.2678,1.2215,95.9911,-2.8612,85.1936,85.1625,0.7006,10.1916,36.5154,,36.5154,,108.7632,,113.2342,,102.2068,
202,176172,600862.XSHG,2021-12-31,2022-03-16,2021-12-31,0.42,548177073.87,688015583.5,10615035.53,12.8307,11.8928,8.7933,15.5288,30.0695,81.9306,18.5188,15.5288,0.9031,6.6885,-0.3896,97.4864,1.5041,92.69,83.3781,10.0281,55.4975,30.7678,,30.7678,,38.1789,,37.5551,,37.251,
203,176173,603335.XSHG,2021-12-31,2022-03-16,2021-12-31,0.08,28671154.88,91086791.06,-444017.02,5.5176,4.7455,5.6078,4.6935,22.9873,93.015,7.5014,4.6935,10.2057,3.8102,0.9617,103.291,-0.5035,86.0071,96.8476,-1.2114,-17.3425,33.6204,,33.6204,,-0.8568,,-14.1086,,-44.5906,
204,176174,002644.XSHE,2021-12-31,2022-03-16,2021-12-31,0.1826,42928548.17,64747561.31,-848844.89,5.8348,2.6858,3.9465,11.4375,27.2915,92.0812,13.7422,11.4375,9.9391,6.3333,-1.0791,58.428999999999995,-0.7659999999999999,46.0316,80.6943,1.4499,18.309,22.392,,22.392,,-13.7926,,-13.1776,,-13.6635,
205,176175,000048.XSHE,2021-12-31,2022-03-16,2021-12-31,0.7441,339151964.74,572767816.76,205885626.84,14.7332,12.8341,3.2227,12.3729,50.4922,82.2203,20.6769,12.3729,6.386,7.1814,0.2868,90.5787,32.5592,87.1096,260.0621,81.9724,461.0457,-20.8775,,-20.8775,,-43.5395,,-54.5878,,-55.0709,
206,176176,688301.XSHG,2021-12-31,2022-03-17,2021-12-31,6.67,341828681.88,407387842.99,113954394.03,17.0265,12.0241,15.0665,40.8113,55.2489,65.6894,46.3118,40.8113,4.9191,4.7358,-1.4083,72.7569,20.3515,70.62,85.539,20.8883,60.88,51.4325,,51.4325,,118.5042,,117.2063,,117.7933,
207,176177,300688.XSHE,2021-12-31,2022-03-17,2021-12-31,0.11,6812035.28,-8690087.35,11681223.55,2.3563,1.4048,-1.7728,-3.2525,46.6883,102.5569,-1.557,-3.2525,24.7984,23.6508,-3.0332,,,59.6216,103.4809,12.1044,,107.8728,,107.8728,,-148.34,,-279.1131,,55.9018,
208,176178,600315.XSHG,2021-12-31,2022-03-17,2021-12-31,0.97,675927272.2,518390948.25,166753055.44,9.6453,10.0416,5.5395,8.4913,58.7296,93.2202,9.8389,8.4913,38.5364,10.3433,0.1637,67.8219,21.8166,104.1086,110.541,12.9883,191.5735,8.7273,,8.7273,,40.945,,50.918,,50.918,
209,176179,002480.XSHE,2021-12-31,2022-03-17,2021-12-31,-0.3712,-308644592.09,-268085488.42,-36956961.45,-11.1586,-12.062000000000001,-4.2231,-22.8303,14.8543,121.4639,-23.4699,-22.8303,5.2991,15.2327,9.6752,,,,122.9755,-35.5562,,-46.6716,,-46.6716,,-551.1519,,-538.3662,,-578.9923,
210,176180,601588.XSHG,2021-12-31,2022-03-17,2021-12-31,0.02,180810761.0,1201130816.0,248385643.0,1.2469,1.1125,0.1194,0.4488,20.5257,94.5636,2.5414,0.4488,2.7741,4.4244,2.537,212.4961,43.9428,89.2187,80.4316,31.4017,577.6204,22.7735,,22.7735,,-51.8827,,-82.78399999999999,,-25.2106,
211,176181,000856.XSHE,2021-12-31,2022-03-17,2021-12-31,0.0922,3739188.36,32975616.17,,5.8083,1.0378,0.7759999999999999,0.5025,5.9886,99.0442,0.5831,0.5025,0.8669,2.524,0.4028,81.7405,,17.867,44.0908,-0.2647,-27.6905,15.8829,,15.8829,,211.84799999999998,,381.1981,,25.3422,
212,176182,000045.XSHE,2021-12-31,2022-03-17,2021-12-31,0.12,40650013.22,111264343.71,24813956.46,2.191,1.4562,1.4354,3.2748,16.7947,95.1492,2.905,3.2748,1.6555,5.3227,-0.0057,129.0269,28.7753,66.4624,101.8096,-0.1934,-3.9878,8.7618,,8.7618,,32.2256,,72.6867,,64.115,
213,176183,605098.XSHG,2021-12-31,2022-03-17,2021-12-31,2.21,150325728.76,170953228.86,25507268.31,22.4069,19.72,10.8704,31.1543,79.0477,69.2093,36.1243,31.1543,28.9901,15.9279,-3.2043,84.5755,12.6192,88.0086,128.5433,67.9671,220.7392,46.6185,,46.6185,,55.5314,,59.489,,60.0537,
214,176184,000401.XSHE,2021-12-31,2022-03-17,2021-12-31,1.7690000000000001,2418630043.2,3898523240.53,464372421.98,11.3499,9.7684,7.0119,11.5083,26.891,89.2714,13.7192,11.5083,1.5952,10.9749,1.8051,73.4157,8.7449,86.0658,81.9044,17.0937,159.3283,2.4181,,2.4181,,-26.2033,,-19.3271,,-1.3965,
215,176185,603866.XSHG,2021-12-31,2022-03-17,2021-12-31,0.8026,715794619.35,922159812.45,20289831.85,15.6281,14.6561,13.045,12.0477,26.2829,85.4443,15.3051,12.0477,8.7129,1.7553,-0.1696,93.8332,2.0646,93.7805,110.7434,16.0019,109.9353,6.2448,,6.2448,,-13.9408,,-13.5442,,-13.5442,
216,176186,000661.XSHE,2021-12-31,2022-03-17,2021-12-31,9.28,3742099607.18,4787785346.1,-33682446.22,29.4649,29.3444,19.804000000000002,36.2666,87.6057,55.4489,43.878,36.2666,28.5113,5.8898,-0.8305,103.7058,-0.7296,99.5909,103.8517,30.991999999999997,69.5649,25.3028,,25.3028,,19.8042,,17.8317,,23.3339,
217,176187,600207.XSHG,2021-12-31,2022-03-17,2021-12-31,0.2431,172435891.93,247987880.54,2890823.37,11.6935,9.6102,6.0733,6.4353,15.3849,92.5719,7.5978,6.4353,1.1442,3.1355,1.4544,98.3684,1.1467,82.1837,91.5551,-7.2876,-98.1085,45.7381,,45.7381,,91.0798,,86.4668,,88.8731,
218,176188,002938.XSHE,2021-12-31,2022-03-17,2021-12-31,1.43,3104517710.51,3648526492.7,54507352.04,14.6229,13.685,9.6615,9.9536,20.3858,89.0483,11.4432,9.9536,0.5434,3.5673,0.1752,95.5891,1.4281,93.5864,98.0826,12.8946,117.741,11.6026,,11.6026,,15.9492,,16.7639,,16.745,
219,176189,688276.XSHG,2021-12-31,2022-03-17,2021-12-31,0.62,233625733.2,343609851.02,-1021435.38,9.3719,8.9899,7.3336,20.2619,88.2906,71.4141,21.7885,20.2619,37.6934,9.0172,-0.9273,131.3656,-0.3905,95.9238,102.1227,11.6721,40.8316,-16.6046,,-16.6046,,-45.6824,,-41.7664,,-41.7664,
220,176190,301069.XSHE,2021-12-31,2022-03-17,2021-12-31,0.5148,179772058.36,210629488.45,7830916.94,18.6592,17.3463,16.6245,21.9851,36.8614,76.0537,24.8088,21.9851,1.1438,6.3462,-0.345,94.8393,3.5260000000000002,92.9636,53.8706,10.0764,42.0793,40.9541,,40.9541,,16.1084,,20.5,,20.5,
221,176191,600511.XSHG,2021-12-31,2022-03-17,2021-12-31,2.3248,1691583326.79,2117335359.34,283350954.01,14.4824,13.9664,7.3635,4.1501,7.8141,95.4435,5.2665,4.1501,2.0239,0.8949,-0.0395,86.6055,11.5899,96.4368,107.2787,4.2124,92.4488,15.0822,,15.0822,,27.914,,27.7788,,26.8604,
222,176192,300453.XSHE,2021-12-31,2022-03-17,2021-12-31,0.3998,145190265.25,186167237.98,-459169.45,18.4433,17.1751,12.963,14.7568,34.3677,84.0102,16.7516,14.7568,7.4425,6.1609,0.1989,95.2892,-0.235,93.124,106.8158,28.3192,177.1079,23.8097,,23.8097,,25.6895,,33.1981,,34.8418,
223,176193,000029.XSHE,2021-12-31,2022-03-18,2021-12-31,0.2183,208306710.37,277119882.31,13611969.51,5.7095,5.3855,3.9139,16.475,49.5493,79.0186,21.5679,16.475,3.2358,7.4431,-1.3691,96.7583,4.7527,94.3263,108.0602,-91.3053,-435.1734,-18.2178,,-18.2178,,-23.3043,,-24.956,,-23.9098,
224,176194,002080.XSHE,2021-12-31,2022-03-18,2021-12-31,2.0102,2573035616.78,3155801558.37,47897283.43,24.7113,18.8483,9.7449,17.1228,29.9964,84.4506,20.1962,17.1228,1.3956,4.9064,2.3993,76.5291,1.1615,76.2742,78.5132,18.0934,116.361,7.5813,,7.5813,,78.5763,,78.781,,65.4005,
225,176195,001914.XSHE,2021-12-31,2022-03-18,2021-12-31,0.4837,365301645.41,721716296.52,111180573.87,6.0451,4.3058,2.7395,4.2739,13.7614,93.1855,7.0311,4.2739,0.8189,3.6525,1.251,96.6966,14.8961,71.2269,111.2428,6.6353,97.3712,22.4221,,22.4221,,23.7545,,10.1355,,17.250999999999998,
226,176196,003816.XSHE,2021-12-31,2022-03-18,2021-12-31,0.193,9729903014.45,15513669104.26,1263666154.54,9.9219,9.9192,3.9611,19.44,33.1976,80.7711,22.6995,19.44,0.0979,3.0069999999999997,7.9345,85.5874,6.9715,99.9724,110.7748,43.2717,225.0345,14.3006,,14.3006,,8.4194,,5.4338,,1.7808,
227,176197,002114.XSHE,2021-12-31,2022-03-18,2021-12-31,0.09,50792379.75,68081078.03,2978320.24,2.1023,3.4924,1.1415,1.4769999999999999,13.4917,96.2688,3.8252,1.4769999999999999,0.2008,6.8759,1.1981,167.4846,7.3269,166.1263,111.5773,7.9112,212.0291,5.9299,,5.9299,,166.2855,,121.0969,,124.0109,
228,176198,600151.XSHG,2021-12-31,2022-03-18,2021-12-31,0.0418,-54379275.3,-73567769.64,135998918.08,1.1033,-1.0002,0.4926,0.8355,9.0222,101.169,1.0246,0.8355,1.6807,4.8073,0.6737,-125.8722,232.69,-90.6472,95.4537,7.507000000000001,,3.2769999999999997,,3.2769999999999997,,38.4767,,-57.9255,,-65.0205,
229,176199,002231.XSHE,2021-12-31,2022-03-18,2021-12-31,0.0666,8297029.53,16145037.57,204479.08,5.5958,1.9901,3.2632,4.1556,13.6736,97.1241,1.9667,4.1556,3.2239999999999998,3.7658,-0.4235,68.1651,0.8633,35.5647,98.2852,14.7435,512.6578,101.5764,,101.5764,,107.1009,,113.9367,,113.9367,
230,176200,000520.XSHE,2021-12-31,2022-03-18,2021-12-31,0.095,97785213.33,127697687.16,756.02,20.4824,20.8232,13.3672,10.2884,21.6095,86.3408,13.6422,10.2884,0.7666,6.7547,0.2643,102.8388,0.0006,101.6639,97.4835,9.6942,70.9719,30.7343,,30.7343,,820.8372,,813.5182,,813.5182,
231,176201,300314.XSHE,2021-12-31,2022-03-18,2021-12-31,0.28,66639983.85,68705411.6,16673731.79,8.2515,6.8558,7.0418,16.9165,61.5716,85.5092,18.3971,16.9165,25.66,9.4568,0.046,78.7969,19.1228,83.0853,107.6766,10.8577,74.9286,3.1776,,3.1776,,-40.9839,,-41.1069,,-41.1069,
232,176202,002478.XSHE,2021-12-31,2022-03-18,2021-12-31,0.15,40549754.85,43283093.91,-80903515.88,3.1393,0.9372,2.1118,3.4623,8.5795,98.9759,-1.0132,3.4623,0.6389,2.9105,-0.1869,30.1754,-56.4029,29.8535,89.3119,-11.4223,-1115.3495,7.2195,,7.2195,,-123.1428,,5.8804,,9.8505,
233,176203,600976.XSHG,2021-12-31,2022-03-18,2021-12-31,2.13,300533838.18,224239122.93,123207073.56,22.5659,20.884,12.4141,9.9269,43.4912,93.1597,11.1415,9.9269,30.256999999999998,4.0280000000000005,0.0587,62.1279,34.1359,92.5469,99.6351,7.9063,115.5835,33.4767,,33.4767,,127.1233,,118.8642,,119.73100000000001,
234,176204,688059.XSHG,2021-12-31,2022-03-18,2021-12-31,3.85,152318550.6,176021773.39,4232604.45,24.9702,23.4269,18.3679,33.442,50.3008,63.7425,37.2875,33.442,2.7054,5.4053,-0.0578,94.2001,2.2651,93.8193,75.3247,42.4528,117.087,55.50899999999999,,55.50899999999999,,73.9104,,82.4091,,82.4091,
235,176205,603881.XSHG,2021-12-31,2022-03-18,2021-12-31,0.34,99055879.24,120075324.08,3498905.11,3.7755,3.3692,1.2485,8.2427,33.0876,90.0422,10.9863,8.2427,0.3073,5.3806,12.9454,90.01100000000001,2.6229,89.2362,102.9592,59.2541,595.0513,32.5484,,32.5484,,-18.7256,,-25.9337,,-18.5938,
236,176206,301179.XSHE,2021-12-31,2022-03-18,2021-12-31,1.88,170406439.54,209572173.03,18042050.07,14.9802,13.7265,9.9774,26.4405,42.6953,70.2037,31.6689,26.4405,4.6282,4.5585,-0.4571,94.1359,8.1041,91.631,98.2196,22.934,76.9694,20.5071,,20.5071,,18.4521,,19.6674,,19.6672,
237,176207,002876.XSHE,2021-12-31,2022-03-18,2021-12-31,1.94,304818248.1,373811110.17,-4578566.84,17.08,15.4252,9.8795,15.3543,24.9865,83.7753,16.070999999999998,15.3543,0.7632,3.0313,-0.0201,99.6656,-1.2207,90.3113,96.9592,7.5242,46.3748,20.9363,,20.9363,,190.1264,,198.0456,,188.9124,
238,176208,300786.XSHE,2021-12-31,2022-03-18,2021-12-31,0.84,73951648.41,96888998.34,946301.35,7.32,7.12,5.6774,15.3345,35.4337,80.4497,17.386,15.3345,6.2805,5.2184,-0.4904,110.9046,1.0832,97.2678,96.18700000000001,-3.8567,-19.7273,23.4101,,23.4101,,-4.5729,,-5.0397,,-4.9485,
239,176209,000058.XSHE,2021-12-31,2022-03-18,2021-12-31,0.0375,14502483.78,169839893.01,20980263.07,2.3844,0.7455,1.7242,4.9546,21.7251,91.4852,10.1145,4.9546,0.8690000000000001,6.1745,4.3094,84.0333,10.3806,31.267,98.0231,37.8025,443.965,42.1032,,42.1032,,190.9946,,227.4223,,78.91199999999999,
240,176210,002865.XSHE,2021-12-31,2022-03-18,2021-12-31,-1.35,-180756886.4,6995455.83,-7541805.1,-17.4306,-17.6375,-3.4145,-4.6941,11.9692,99.7557,-3.5225,-4.6941,0.6882,4.6085,1.5851,,,,58.8663,20.2894,8304.8763,233.5436,,233.5436,,-1705.1392,,-1092.2129,,-1418.6929,
241,176211,603806.XSHG,2021-12-31,2022-03-18,2021-12-31,2.35,2140315761.74,2566918363.35,21041379.92,20.7212,20.1907,17.4197,17.0925,25.055,80.0362,19.2171,17.0925,0.4129,1.1939,-0.3694,103.9627,0.8522,97.4399,74.059,-1.1476,-5.7486,53.1952,,53.1952,,38.0754,,40.4061,,40.354,
242,176212,600860.XSHG,2021-12-31,2022-03-18,2021-12-31,-0.05,-34816036.55,-44659634.25,19177461.11,-3.3813,-5.0563,-2.5191,-3.4867,10.9411,103.7762,-3.0980000000000003,-3.4867,2.878,8.0439,1.0837,,,,85.7897,-2.7645,,8.6712,,8.6712,,-130.1096,,-134.5462,,-114.8833,
243,176213,600702.XSHG,2021-12-31,2022-03-18,2021-12-31,3.7825,1210592342.33,1644739696.57,19181135.53,29.7495,28.9121,17.4701,25.5716,77.8141,66.9018,33.6942,25.5716,17.6265,12.1369,-0.4033,97.6306,1.1386,97.1852,120.7875,44.8493,135.5034,83.7971,,83.7971,,117.9372,,109.2528,,114.3485,
244,176214,601728.XSHG,2021-12-31,2022-03-18,2021-12-31,0.31,25044258109.45,32332009733.4,4125700042.17,6.5523,6.3232,3.5407,6.0241,29.211,92.553,9.136000000000001,6.0241,12.0168,7.4538,0.2979,95.4577,12.1808,96.5023,109.8707,32.0608,430.5171,11.3401,,11.3401,,27.5907,,24.0176,,24.439,
245,176215,002664.XSHE,2021-12-31,2022-03-18,2021-12-31,0.51,186290484.58,225463713.53,14302687.76,7.2485,6.6192,3.3336,6.0067,13.6033,93.281,6.5831,6.0067,0.5268,2.9186,-0.8544,102.6785,6.5136,91.3179,104.8813,-2.6778,-39.8537,16.5845,,16.5845,,-40.4846,,-32.4946,,-35.4739,
246,176216,002838.XSHE,2021-12-31,2022-03-18,2021-12-31,0.56,199564828.23,215314153.34,21739239.7,11.2697,9.9457,8.0746,5.8009,12.244000000000002,94.947,6.0639,5.8009,0.6534,1.7054,0.8519,80.8622,8.1643,88.2522,69.8042,-3.8483,-76.1586,-3.6449,,-3.6449,,-72.2135,,-71.5604,,-73.5543,
247,176217,000905.XSHE,2021-12-31,2022-03-18,2021-12-31,0.3831,158180660.21,233387206.64,34417230.62,6.6327,4.381,2.6136,1.1896,2.8767,99.0102,1.4898,1.1896,0.1857,1.1095,0.3891,61.4364,9.0599,66.0514,108.5769,3.6268,366.4052,50.1262,,50.1262,,8.1275,,28.6643,,78.6176,
248,176218,002549.XSHE,2021-12-31,2022-03-18,2021-12-31,0.2226,125949955.3,105358659.19,4986660.33,13.44,12.195,8.3915,20.7365,41.9488,84.2161,20.4381,20.7365,4.4049,12.4274,1.7563,77.1332,3.6507,90.7367,105.7642,38.0555,241.1029,28.675,,28.675,,67.8973,,91.3529,,92.3393,
249,176219,002879.XSHE,2021-12-31,2022-03-18,2021-12-31,0.78,117679325.82,129995442.03,12947386.05,8.8538,7.422000000000001,6.8623,13.2714,49.0359,87.7104,14.4279,13.2714,19.8912,8.6091,-0.0545,85.3513,8.5009,83.8286,87.7283,9.5845,77.9889,12.4591,,12.4591,,-17.1606,,-13.1288,,-13.1288,
250,176220,603217.XSHG,2021-12-31,2022-03-18,2021-12-31,2.83,341772679.27,398708872.81,33391521.08,14.9049,14.1459,12.7918,15.3667,23.842,82.9863,18.03,15.3667,0.5385,1.9777,0.1194,94.6224,7.9245,94.9076,62.8708,6.9483,40.8394,91.7677,,91.7677,,127.6492,,128.219,,128.219,
251,176221,600386.XSHG,2021-12-31,2022-03-18,2021-12-31,0.17,136793349.48,275613787.16,-3074343.36,7.3299,7.5536,4.2566,4.3941,20.2772,93.6033,6.3113,4.3941,5.3446,5.7045,1.8757,105.6798,-1.1788,103.0519,110.0644,11.4249,178.607,-4.7837,,-4.7837,,116.397,,162.2534,,94.6917,
252,176222,600933.XSHG,2021-12-31,2022-03-18,2021-12-31,0.36,234654990.85,267250256.62,62738091.2,6.9362,5.2525,5.279,10.0692,26.3154,91.6632,10.6191,10.0692,1.3518,7.5027,2.6914,76.6076,17.984,75.726,110.6866,15.017000000000001,180.1285,23.7467,,23.7467,,-28.2727,,-26.2398,,-27.2428,
253,176223,003000.XSHE,2021-12-31,2022-03-18,2021-12-31,0.21,75317425.98,85229832.11,1284652.03,9.7004,8.6016,8.1038,7.5545,26.8292,92.3289,8.9866,7.5545,11.5006,6.0626,-1.1779,93.4121,1.4080000000000001,88.6725,111.8486,17.3541,226.2261,22.2115,,22.2115,,-19.2964,,-18.7342,,-17.7615,
254,176224,603186.XSHG,2021-12-31,2022-03-18,2021-12-31,1.68,171162059.52,201627030.89,6003101.79,15.2982,10.9918,5.6095,6.6364,16.5087,94.4297,7.2554,6.6364,2.1494,2.8182,1.6412,77.1402,2.2967,71.85,78.4691,7.6109,136.6333,58.4745,,58.4745,,89.4726,,90.6327,,90.2418,
255,176225,002507.XSHE,2021-12-31,2022-03-18,2021-12-31,0.87,694323995.59,820145777.15,42920711.03,14.0277,13.1271,12.6632,29.4586,52.3578,67.4371,34.6872,29.4586,18.8602,2.9474,-3.7967,93.8787,4.913,93.5799,111.33200000000001,29.5985,90.8963,10.8195,,10.8195,,-4.4828,,-4.5228,,-4.5228,
256,176226,300765.XSHE,2021-12-31,2022-03-18,2021-12-31,0.581,298498249.98,365743686.86,21310367.37,11.2633,10.6035,10.243,22.1052,47.8964,74.459,27.6019,22.1052,18.2261,3.2581,-1.4196,94.4836,5.5052,94.1423,93.86399999999999,11.913,46.6426,8.6969,,8.6969,,9.7866,,5.6158,,5.7484,
257,176227,600660.XSHG,2021-12-31,2022-03-18,2021-12-31,1.23,2815935759.0,3490069218.0,53551249.0,13.1363,11.7574,7.5545,13.315999999999999,35.9022,85.2135,15.9387,13.315999999999999,4.8765,8.237,2.9104,91.3908,1.4023,89.5037,104.7857,24.052,162.6618,18.5691,,18.5691,,15.1654,,20.9559,,20.9703,
258,176228,603813.XSHG,2021-12-31,2022-03-18,2021-12-31,0.35,30737054.02,37478577.38,,6.0963,6.0807,3.3784,6.3084,24.8553,92.3541,8.6696,6.3084,1.4812,7.4837,4.2297,102.6792,,99.7448,113.3261,34.9285,456.8255,6.5325,,6.5325,,126.428,,118.8858,,118.8208,
259,176229,603392.XSHG,2021-12-31,2022-03-18,2021-12-31,3.33,1945591656.31,2346213613.88,11252925.62,57.5921,55.4303,39.4178,36.1582,85.7798,59.1986,40.4926,36.1582,29.3978,3.1685,0.0903,100.9495,0.4842,96.2465,75.2313,29.2496,71.6877,144.2524,,144.2524,,200.3673,,204.9528,,198.5931,
260,176230,600720.XSHG,2021-12-31,2022-03-18,2021-12-31,1.2206,961313710.76,1235362883.09,49586429.74,11.8027,11.9746,9.1008,13.3979,27.6094,83.8989,16.6565,13.3979,1.168,8.639,-0.012,101.7783,4.0853,101.4558,88.69200000000001,18.8647,117.1643,-1.7816,,-1.7816,,-33.4929,,-33.6192,,-34.066,
261,176232,688508.XSHG,2021-12-31,2022-03-18,2021-12-31,1.78,151921858.03,157566106.23,17621555.56,14.3476,10.8292,13.2783,26.7054,42.9976,79.0796,28.1356,26.7054,1.3799,3.5054,-0.9647,74.361,8.3162,75.4775,93.0748,34.0716,162.8635,75.4422,,75.4422,,110.6089,,101.6694,,101.8133,
262,176233,002306.XSHE,2021-12-31,2022-03-18,2021-12-31,0.0056,-139751.84,4146265.24,3578359.16,7.281000000000001,-0.2144,2.3974,1.5148,34.023,98.6927,3.5828,1.5148,18.2473,13.0662,-0.0603,38.8937,33.5665,-2.944,125.1054,-12.3472,-944.5068,16.5898,,16.5898,,224.7821,,143.4044,,141.8229,
263,176234,601318.XSHG,2021-12-31,2022-03-18,2021-12-31,5.77,101731000000.0,57653000000.0,82032000000.0,12.9042,12.9185,1.2385,10.3183,,,11.8333,10.3183,,14.6214,,41.3046,58.7706,100.1112,,7.6341,156.3076,-3.1085,,-3.1085,,-25.8194,,-23.5675,,-28.9876,
264,176235,000750.XSHE,2021-12-31,2022-03-18,2021-12-31,0.14,788580527.31,-577154819.84,1745592167.48,4.1281,4.2574,1.2223,17.5441,,,23.028000000000002,17.5441,,49.8199,,-50.2913,152.1051,103.1337,,20.4346,,15.3557,,15.3557,,13.467,,12.0492,,5.41,
265,176236,600036.XSHG,2021-12-31,2022-03-19,2021-12-31,4.61,119430000000.0,118344000000.0,25295000000.0,15.1561,15.0939,1.3723,36.4779,,,44.6846,36.4779,,33.1248,,79.8688,17.0713,99.5897,,54.9574,153.8295,14.0356,,14.0356,,20.6909,,23.3516,,23.1966,
266,176237,300697.XSHE,2021-12-31,2022-03-19,2021-12-31,0.32,104568130.4,141937364.57,1585023.25,11.7169,11.5222,7.785,4.8756,11.7892,93.4707,6.034,4.8756,0.7093,2.3023,0.6142,109.3871,1.2215,98.3379,103.4714,-4.1439,-63.4657,35.3175,,35.3175,,-6.8927,,-7.8912,,-7.97,
267,176238,000608.XSHE,2021-12-31,2022-03-19,2021-12-31,0.0857,56854460.23,156943618.87,-19064470.85,2.0402,1.8048,1.4345,14.5911,75.7356,72.3474,23.2068,14.5911,4.7379,13.3274,14.0898,116.7841,-14.1862,88.4631,110.4212,37.7527,136.525,-0.4574,,-0.4574,,17.5047,,-28.2436,,-40.1245,
268,176239,002492.XSHE,2021-12-31,2022-03-19,2021-12-31,0.28800000000000003,108199183.67,129090112.0,5089687.25,8.2305,7.6354,6.6017,28.8051,47.9346,68.6841,34.4063,28.8051,,10.0257,1.0167,90.8031,3.5801,92.7695,282.3884,47.3235,151.1164,11.6161,,11.6161,,16.2804,,16.5171,,15.2789,
269,176240,600861.XSHG,2021-12-31,2022-03-19,2021-12-31,-0.2006,-69556409.44,-63832903.53,-24671.21,-2.8505,-3.1199,-1.9285,-8.6233,58.622,109.1546,-9.2672,-8.6233,28.6207,32.727,1.1055,,,,118.6708,13.7311,,-0.9574,,-0.9574,,17.5837,,21.1914,,14.5838,
270,176241,600168.XSHG,2021-12-31,2022-03-19,2021-12-31,0.56,547436.42,32165352.83,16852125.1,7.2002,0.0099,2.2726,19.4031,26.2515,98.4012,21.1689,19.4031,0.0034,3.5581,16.824,7.0932,3.7163,0.1372,63.2218,9.8759,617.7267,22.4078,,22.4078,,54.9185,,53.3472,,56.1858,
271,176242,600176.XSHG,2021-12-31,2022-03-19,2021-12-31,1.5059,5150099734.87,6258891886.48,56510971.18,30.1392,25.7478,15.2376,31.1471,45.3123,68.2401,37.0974,31.1471,0.7263,6.7506,2.4789,85.7049,0.7738,85.4296,75.8068,30.3506,95.5626,68.9229,,68.9229,,154.6428,,154.7191,,149.5115,
272,176243,001216.XSHE,2021-12-31,2022-03-19,2021-12-31,0.69,126636496.8,147763905.37,2012683.62,13.6329,12.5946,11.0053,11.6345,29.9573,87.7247,12.825,11.6345,5.912999999999999,5.3938,0.1363,96.1002,1.3090000000000002,92.3836,101.175,13.5235,110.1682,30.6856,,30.6856,,16.391,,16.7483,,16.1719,
273,176244,601677.XSHG,2021-12-31,2022-03-19,2021-12-31,2.77,1590635655.92,1688902641.82,45576960.8,19.1601,16.4561,11.9262,7.6808,12.774000000000001,93.1381,8.8277,7.6808,0.3011,0.9578,0.3301,78.8528,2.1279,85.8871,90.6602,8.397,122.3709,50.6887,,50.6887,,66.5937,,73.1647,,73.0767,
274,176245,300142.XSHE,2021-12-31,2022-03-19,2021-12-31,0.2727,591146772.49,835193190.03,-222860969.9,5.6923,7.8668,5.1591,17.3659,88.6122,75.8812,20.5114,17.3659,38.4364,8.6551,-1.1182,117.8079,-31.4356,138.1999,91.59,20.3671,84.4447,17.8226,,17.8226,,-48.3917,,-50.3502,,-57.3611,
275,176246,000407.XSHE,2021-12-31,2022-03-19,2021-12-31,0.13,100572804.52,68915466.07,282015640.18,4.3397,3.9665,1.5797,2.3952,14.6329,98.4846,5.1733,2.3952,5.4603,4.0063,2.7737,30.0213,122.8532,91.4023,114.7348,6.4058,422.7059,-1.0604,,-1.0604,,-22.7429,,-49.4866,,-22.6833,
276,176247,600841.XSHG,2021-12-31,2022-03-19,2021-12-31,0.561,487281359.27,795293886.79,103275892.64,10.0788,7.087000000000001,4.7886,3.28,10.6677,96.7408,3.2237,3.28,2.9243,2.1908,-0.239,97.029,12.6001,70.3166,67.6521,-8.9191,-273.6587,11.0944,,11.0944,,96.6607,,54.0953,,87.4831,
277,176248,600963.XSHG,2021-12-31,2022-03-19,2021-12-31,0.17,210031841.44,289646342.41,38413176.3,3.4437,2.4265,1.8717,3.8545,15.1056,96.3046,4.3289,3.8545,1.5247,3.728,2.3098,83.12,11.0235,70.4617,87.6103,4.3591,117.9593,10.149,,10.149,,-33.1391,,-27.0794,,-28.0538,
278,176249,600588.XSHG,2021-12-31,2022-03-19,2021-12-31,0.22,405095203.0,476246548.0,369223056.0,9.7418,5.5758,3.9812,7.6398,61.2486,94.66799999999999,8.7188,7.6398,22.6998,11.9965,0.8806,61.5289,47.7019,57.236000000000004,98.4184,14.5953,273.7294,4.7295,,4.7295,,-30.3101,,-34.903,,-28.1792,
279,176250,002004.XSHE,2021-12-31,2022-03-19,2021-12-31,0.34,610107005.64,1049376669.67,308525296.37,6.7891,6.1818,3.1747,7.484,38.4623,91.5093,10.8292,7.484,13.0721,9.7028,3.5514,81.5999,23.991,91.0542,84.4992,10.2727,120.9882,13.6334,,13.6334,,12.0128,,3.347,,2.8106,
280,176252,301040.XSHE,2021-12-31,2022-03-19,2021-12-31,0.8475,65039451.08,74217239.23,-616001.58,9.1574,8.2276,5.885,6.7721,13.8478,93.0569,7.9137,6.7721,0.6762,2.6011,0.1374,92.8055,-0.7703,89.8469,51.0522,11.948,172.0842,-2.5901,,-2.5901,,-45.0174,,-45.9399,,-45.9399,
281,176253,300128.XSHE,2021-12-31,2022-03-19,2021-12-31,-0.3159,-346961440.61,-61649472.41,-930185.38,-32.9792,-33.103,-15.9128,-35.4814,19.2607,106.3415,-29.9179,-35.4814,4.3993,11.9983,3.0275,,,,114.6642,17.1967,,-28.7394,,-28.7394,,-1251.2566,,-1383.7704,,-1646.3238,
282,176254,600803.XSHG,2021-12-31,2022-03-19,2021-12-31,1.46,3531180000.0,12113790000.0,1635400000.0,35.7201,30.752,8.8693,9.0843,16.7414,89.5599,11.6603,9.0755,1.2461,3.2436,0.4353,89.9553,12.1443,86.0917,113.7429,11.655,111.5289,31.7056,,31.5792,,27.82,,34.4358,,94.6715,
283,176255,000655.XSHE,2021-12-31,2022-03-19,2021-12-31,0.215,125830635.27,93079345.99,122655016.54,4.4895,4.4148,4.3664,7.7777,30.4161,94.8933,12.3793,7.7777,0.1414,23.2989,-1.2803,40.9472,53.958,98.3358,117.9929,23.0272,450.9256,27.0313,,27.0313,,-21.7389,,-38.9804,,-44.4742,
284,176256,600210.XSHG,2021-12-31,2022-03-19,2021-12-31,0.365,533284963.68,679754821.11,104419981.78,10.1901,9.8236,5.1896,6.3248,21.1953,92.8662,8.109,6.3248,2.3021,6.1707,1.1677,89.34299999999999,13.7244,96.4035,118.5194,10.8382,151.9263,13.1979,,13.1979,,9.9436,,1.3508,,-2.1291,
285,176257,600728.XSHG,2021-12-31,2022-03-19,2021-12-31,0.1817,293799570.36,359778961.96,-2271290.88,5.6529,5.2843,2.8825,4.9268,16.6749,94.2193,5.7302,4.9268,3.1124,4.09,-0.126,102.0602,-0.6443,93.4802,115.219,6.1352,106.1315,45.1948,,45.1948,,352.6285,,284.5052,,242.2738,
286,176258,603993.XSHG,2021-12-31,2022-03-19,2021-12-31,0.24,4103233118.22,12053763310.68,-3257452775.23,12.9698,10.4226,4.1768,3.1218,9.3885,93.0671,5.055,3.1218,0.0516,0.895,0.6298,137.6737,-37.2054,80.3607,102.9041,3.5607,51.3586,53.8865,,53.8865,,198.1892,,118.9754,,119.2565,
287,176259,300767.XSHE,2021-12-31,2022-03-19,2021-12-31,0.4337,80363688.26,106304692.81,3671969.74,7.3063,6.7131,4.8024,12.7017,41.6796,84.1414,14.4154,12.7017,14.0148,7.0807,0.2923,108.3965,3.7442,91.8811,77.5199,-27.2778,-172.0057,15.4759,,15.4759,,-44.1366,,-47.0229,,-45.5782,
288,176260,300121.XSHE,2021-12-31,2022-03-19,2021-12-31,0.77,264654653.9,325348127.68,12868049.27,15.8442,14.7688,11.4415,10.4951,22.8368,87.9737,12.9433,10.4951,2.0968,4.1533,1.1076,93.4262,3.6952,93.2129,64.2711,5.5276,45.9622,39.2054,,39.2054,,122.0452,,125.7295,,125.7295,
289,176261,603595.XSHG,2021-12-31,2022-03-19,2021-12-31,0.16,14010083.75,28372590.89,200958.9,2.4679,1.0347,1.218,2.4954,18.9579,97.8811,2.0247,2.4954,0.136,4.7780000000000005,3.8171,104.7318,0.7418,41.9287,97.3272,2.0811,98.2147,44.2739,,44.2739,,-50.7516,,-30.1447,,-30.1447,
290,176262,600507.XSHG,2021-12-31,2022-03-19,2021-12-31,1.27,2653294383.87,3523899284.01,3350276.0,29.4372,28.5894,16.3173,12.7287,19.993,83.7454,16.9439,12.7287,0.2305,3.082,-0.7944,96.8631,0.0921,97.1202,76.3869,9.9338,61.1138,30.5871,,30.5871,,18.5063,,27.8615,,27.6452,
291,176263,300289.XSHE,2021-12-31,2022-03-19,2021-12-31,0.05,12765279.02,79587272.68,3497959.87,1.4480000000000002,0.8245,2.3727,8.3646,52.4688,85.8902,10.6703,8.3646,18.1705,13.6383,-1.2185,135.3466,5.9487,56.9391,112.9901,21.1075,149.5946,19.6278,,19.6278,,872.7888,,260.3644,,143.9732,
292,176264,600422.XSHG,2021-12-31,2022-03-19,2021-12-31,0.6695,279548767.66,424447991.03,149688588.13,10.9956,6.0548,6.0325,6.2181,41.3006,94.8574,7.6821,6.2181,28.7568,4.9151,0.4809,67.2352,23.7116,55.0653,107.14399999999999,3.0487,59.2837,6.9514,,6.9514,,17.2359,,11.0414,,11.122,
293,176265,300059.XSHE,2021-12-31,2022-03-19,2021-12-31,0.83,8440303766.19,8962427522.44,1013388225.4,22.1588,21.866999999999997,5.7917,65.3178,68.4452,31.5548,76.9769,65.3178,4.9806,14.1236,1.0608,89.1432,10.0795,98.6832,87.1384,166.0422,100.132,58.9395,,66.1847,,82.1865,,79.0025,,79.0025,
294,176266,603615.XSHG,2021-12-31,2022-03-19,2021-12-31,-0.08,-24434522.3,-25048432.63,955968.52,-1.5735,-1.9549,-1.4293,-2.5584,21.6084,103.1358,-2.6681,-2.5584,14.3426,8.4799,-0.745,,,,117.1566,-0.9325,,15.7844,,15.7844,,-139.3166,,-155.3481,,-153.0833,
295,176267,002560.XSHE,2021-12-31,2022-03-19,2021-12-31,0.05,18050846.28,40868123.93,10574827.95,1.0471,0.7742,0.6016,0.8886,10.27,98.2706,1.0215,0.8854,1.3283,2.634,0.9865,217.2627,56.2178,73.9402,98.2414,-6.9968,-403.1083,22.0118,,22.1324,,-79.5117,,-77.8152,,-80.3919,
296,176268,300160.XSHE,2021-12-31,2022-03-19,2021-12-31,0.23,113335490.18,117612869.11,1078087.58,12.5044,10.3441,7.5448,9.4102,21.8819,91.9322,10.2191,9.4102,2.5641,6.5414,-0.1121,79.6182,0.7298,82.7241,72.5514,7.8813,97.68799999999999,13.3295,,13.3295,,5.1067,,12.5254,,12.3588,
297,176269,600449.XSHG,2021-12-31,2022-03-19,2021-12-31,1.68,733594835.65,890049856.04,30936202.31,12.2553,11.2206,9.9012,14.9969,24.7295,84.6085,17.9188,14.9969,0.8615,5.7117,0.4859,86.1842,2.9956,91.5572,86.5114,23.0029,149.452,13.1724,,13.1724,,-14.8413,,-17.3482,,-16.9579,
298,176270,002315.XSHE,2021-12-31,2022-03-19,2021-12-31,0.8,202975505.72,221833407.25,35287781.13,11.4171,9.4577,7.2364,17.0517,75.2947,84.9589,18.6179,16.8125,40.4109,8.3791,-0.9104,80.899,12.8689,82.8384,112.74799999999999,35.5087,232.7661,27.2999,,28.7159,,42.738,,44.9517,,41.3252,
299,176271,600332.XSHG,2021-12-31,2022-03-19,2021-12-31,2.2880000000000003,3306416000.0,4206671656.19,390468631.29,13.4761,11.9782,6.3061,5.751,19.1748,93.9046,6.9349,5.751,8.6284,2.9447,-0.1927,89.0665,8.2673,88.8851,98.3278,8.2208,134.869,11.9019,,11.9019,,30.3241,,28.3785,,27.6009,
300,176273,605286.XSHG,2021-12-31,2022-03-19,2021-12-31,0.94,145206367.47,174685387.32,6811390.07,13.5316,13.0388,9.5961,6.5643,14.3578,92.3907,7.7283,6.5643,0.5870000000000001,2.6184,0.1304,100.9527,3.9364,96.3583,102.7404,-5.8772,-77.2361,31.2403,,31.2403,,3.1822,,2.5494,,2.5494,
301,176274,300562.XSHE,2021-12-31,2022-03-19,2021-12-31,0.04,2262945.9,4226052.47,3692884.03,1.0383,0.2649,-0.0173,-0.0151,18.5442,99.7679,0.0047,-0.0151,5.3678,4.1289,0.2926,,,25.5158,98.8076,-0.0484,-20.8432,36.2315,,36.2315,,-99.8819,,-100.4051,,-87.3595,
302,176275,300647.XSHE,2021-12-31,2022-03-19,2021-12-31,-0.4,-169298716.67,-93319624.67,1987643.72,-19.4577,-20.3763,-10.7267,-32.6751,22.3958,116.1011,-34.3906,-32.6751,9.2246,16.2045,5.4387,,,,101.3446,-19.3226,,-4.8829,,-4.8829,,-1454.7920000000001,,-1280.0339,,-1146.9463,
303,176276,300640.XSHE,2021-12-31,2022-03-19,2021-12-31,0.0773,12364303.93,12023892.34,3784046.71,4.0911,2.4344,3.1504,2.5758,12.3347,98.5095,2.4113,2.5758,4.5591,2.2722,1.0825,59.6815,18.7824,59.5038,92.0107,-5.6121,-376.5268,43.9775,,43.9775,,-54.1273,,-46.7282,,-46.7282,
304,176277,601899.XSHG,2021-12-31,2022-03-19,2021-12-31,0.6,14680534183.0,23303741240.0,1459737092.0,24.5708,23.0151,10.0278,8.707,15.437999999999999,89.6475,11.1445,8.707,0.1831,2.3583,0.6648,93.9902,5.8875,93.6684,104.9948,11.5824,111.8801,31.2541,,31.2541,,123.1947,,131.7279,,140.8042,
305,176279,300900.XSHE,2021-12-31,2022-03-19,2021-12-31,0.18,16569532.95,25717353.43,5856721.54,2.5147,1.0858,1.8773,15.8788,43.6458,89.1669,14.1463,15.8788,0.6888,19.6565,0.5261,61.5548,14.0181,43.1782,98.3384,-15.3416,-141.6185,-24.5642,,-24.5642,,-70.8737,,-62.5069,,-61.8314,
